/*
 Navicat Premium Data Transfer

 Source Server         : localhost
 Source Server Type    : MySQL
 Source Server Version : 50651 (5.6.51)
 Source Host           : 127.0.0.1:3306
 Source Schema         : db_djamil_bo

 Target Server Type    : MySQL
 Target Server Version : 50651 (5.6.51)
 File Encoding         : 65001

 Date: 05/02/2025 16:19:53
*/

SET NAMES utf8mb4;
SET FOREIGN_KEY_CHECKS = 0;

-- ----------------------------
-- Table structure for appointment
-- ----------------------------
DROP TABLE IF EXISTS `appointment`;
CREATE TABLE `appointment`  (
  `id` int(11) NOT NULL AUTO_INCREMENT,
  `appointment_id` varchar(20) CHARACTER SET utf8 COLLATE utf8_general_ci NOT NULL,
  `doctor_id` varchar(20) CHARACTER SET utf8 COLLATE utf8_general_ci NOT NULL,
  `patient_id` varchar(20) CHARACTER SET utf8 COLLATE utf8_general_ci NOT NULL,
  `consultation_fees` varchar(20) CHARACTER SET utf8 COLLATE utf8_general_ci NOT NULL,
  `discount` decimal(18, 2) NOT NULL,
  `schedule` varchar(50) CHARACTER SET utf8 COLLATE utf8_general_ci NOT NULL,
  `remarks` text CHARACTER SET utf8 COLLATE utf8_general_ci NOT NULL,
  `appointment_date` date NOT NULL,
  `status` tinyint(1) NOT NULL,
  `created_at` datetime NOT NULL DEFAULT CURRENT_TIMESTAMP,
  PRIMARY KEY (`id`) USING BTREE
) ENGINE = InnoDB AUTO_INCREMENT = 1 CHARACTER SET = utf8 COLLATE = utf8_general_ci ROW_FORMAT = DYNAMIC;

-- ----------------------------
-- Records of appointment
-- ----------------------------

-- ----------------------------
-- Table structure for ci_sessions
-- ----------------------------
DROP TABLE IF EXISTS `ci_sessions`;
CREATE TABLE `ci_sessions`  (
  `id` varchar(40) CHARACTER SET utf8 COLLATE utf8_general_ci NOT NULL,
  `ip_address` varchar(45) CHARACTER SET utf8 COLLATE utf8_general_ci NOT NULL,
  `timestamp` int(10) UNSIGNED NOT NULL DEFAULT 0,
  `data` blob NOT NULL,
  PRIMARY KEY (`id`) USING BTREE,
  INDEX `ci_sessions_timestamp`(`timestamp`) USING BTREE
) ENGINE = InnoDB CHARACTER SET = utf8 COLLATE = utf8_general_ci ROW_FORMAT = DYNAMIC;

-- ----------------------------
-- Records of ci_sessions
-- ----------------------------
INSERT INTO `ci_sessions` VALUES ('0e92nj78pvqemb8e6aj9tgipcrb0enbf', '::1', 1736862901, 0x5F5F63695F6C6173745F726567656E65726174657C693A313733363836323734333B6E616D657C733A31393A2253757065722041646D696E6973747261746F72223B756E6971756569647C733A373A2233363739343432223B6C6F676765725F70686F746F7C4E3B6C6F67676564696E5F69647C733A313A2231223B6C6F67676564696E5F726F6C655F69647C733A313A2231223B6C6F67676564696E5F7573657269647C733A313A2231223B646174655F666F726D61747C733A383A2225592D256D2D2564223B7365745F6C616E677C733A373A22656E676C697368223B6C6F67676564696E7C623A313B);
INSERT INTO `ci_sessions` VALUES ('0mgcr8hlo7u9suoub4tga67b9euc6cmj', '::1', 1738594562, 0x5F5F63695F6C6173745F726567656E65726174657C693A313733383539343536323B72656469726563745F75726C7C733A33313A22687474703A2F2F6C6F63616C686F73742F72732D6F74616B2F76656E646F72223B6E616D657C733A31393A2253757065722041646D696E6973747261746F72223B756E6971756569647C733A373A2233363739343432223B6C6F676765725F70686F746F7C4E3B6C6F67676564696E5F69647C733A313A2231223B6C6F67676564696E5F726F6C655F69647C733A313A2231223B6C6F67676564696E5F7573657269647C733A313A2231223B646174655F666F726D61747C733A383A2225592D256D2D2564223B7365745F6C616E677C733A373A22656E676C697368223B6C6F67676564696E7C623A313B);
INSERT INTO `ci_sessions` VALUES ('1d5f1vd7k480t6537djpvbt92rm7vrko', '::1', 1738746817, 0x5F5F63695F6C6173745F726567656E65726174657C693A313733383734363831373B6E616D657C733A31393A2253757065722041646D696E6973747261746F72223B756E6971756569647C733A373A2233363739343432223B6C6F676765725F70686F746F7C4E3B6C6F67676564696E5F69647C733A313A2231223B6C6F67676564696E5F726F6C655F69647C733A313A2231223B6C6F67676564696E5F7573657269647C733A313A2231223B646174655F666F726D61747C733A383A2225592D256D2D2564223B7365745F6C616E677C733A373A22656E676C697368223B6C6F67676564696E7C623A313B);
INSERT INTO `ci_sessions` VALUES ('29aenb2igqu0mkue6q41odfutf1q8q09', '::1', 1737553307, 0x5F5F63695F6C6173745F726567656E65726174657C693A313733373535333330373B72656469726563745F75726C7C733A33373A22687474703A2F2F6C6F63616C686F73742F72732D6F74616B2F76656E646F722F696E646578223B6E616D657C733A31393A2253757065722041646D696E6973747261746F72223B756E6971756569647C733A373A2233363739343432223B6C6F676765725F70686F746F7C4E3B6C6F67676564696E5F69647C733A313A2231223B6C6F67676564696E5F726F6C655F69647C733A313A2231223B6C6F67676564696E5F7573657269647C733A313A2231223B646174655F666F726D61747C733A383A2225592D256D2D2564223B7365745F6C616E677C733A373A22656E676C697368223B6C6F67676564696E7C623A313B);
INSERT INTO `ci_sessions` VALUES ('3dnt3bo6shondlphkd10m8ep85mll47r', '::1', 1736858273, 0x5F5F63695F6C6173745F726567656E65726174657C693A313733363835383237333B6E616D657C733A31393A2253757065722041646D696E6973747261746F72223B756E6971756569647C733A373A2233363739343432223B6C6F676765725F70686F746F7C4E3B6C6F67676564696E5F69647C733A313A2231223B6C6F67676564696E5F726F6C655F69647C733A313A2231223B6C6F67676564696E5F7573657269647C733A313A2231223B646174655F666F726D61747C733A383A2225592D256D2D2564223B7365745F6C616E677C733A373A22656E676C697368223B6C6F67676564696E7C623A313B);
INSERT INTO `ci_sessions` VALUES ('3kvruc99vp7qcilt49kt549s2nuvkqhm', '::1', 1736860144, 0x5F5F63695F6C6173745F726567656E65726174657C693A313733363836303134343B6E616D657C733A31393A2253757065722041646D696E6973747261746F72223B756E6971756569647C733A373A2233363739343432223B6C6F676765725F70686F746F7C4E3B6C6F67676564696E5F69647C733A313A2231223B6C6F67676564696E5F726F6C655F69647C733A313A2231223B6C6F67676564696E5F7573657269647C733A313A2231223B646174655F666F726D61747C733A383A2225592D256D2D2564223B7365745F6C616E677C733A373A22656E676C697368223B6C6F67676564696E7C623A313B);
INSERT INTO `ci_sessions` VALUES ('4ia36v53gpibbknphg1uiviu5cr2jbh0', '::1', 1738594259, 0x5F5F63695F6C6173745F726567656E65726174657C693A313733383539343235393B72656469726563745F75726C7C733A33313A22687474703A2F2F6C6F63616C686F73742F72732D6F74616B2F76656E646F72223B6E616D657C733A31393A2253757065722041646D696E6973747261746F72223B756E6971756569647C733A373A2233363739343432223B6C6F676765725F70686F746F7C4E3B6C6F67676564696E5F69647C733A313A2231223B6C6F67676564696E5F726F6C655F69647C733A313A2231223B6C6F67676564696E5F7573657269647C733A313A2231223B646174655F666F726D61747C733A383A2225592D256D2D2564223B7365745F6C616E677C733A373A22656E676C697368223B6C6F67676564696E7C623A313B);
INSERT INTO `ci_sessions` VALUES ('53ml4nnkuo5phv76uvhfo6n68rtb5g4r', '::1', 1738593853, 0x5F5F63695F6C6173745F726567656E65726174657C693A313733383539333835333B72656469726563745F75726C7C733A33313A22687474703A2F2F6C6F63616C686F73742F72732D6F74616B2F76656E646F72223B6E616D657C733A31393A2253757065722041646D696E6973747261746F72223B756E6971756569647C733A373A2233363739343432223B6C6F676765725F70686F746F7C4E3B6C6F67676564696E5F69647C733A313A2231223B6C6F67676564696E5F726F6C655F69647C733A313A2231223B6C6F67676564696E5F7573657269647C733A313A2231223B646174655F666F726D61747C733A383A2225592D256D2D2564223B7365745F6C616E677C733A373A22656E676C697368223B6C6F67676564696E7C623A313B);
INSERT INTO `ci_sessions` VALUES ('5l0pr9t5r3p3udjtp5d3g32i30mus3qc', '::1', 1738596051, 0x5F5F63695F6C6173745F726567656E65726174657C693A313733383539363035313B72656469726563745F75726C7C733A33313A22687474703A2F2F6C6F63616C686F73742F72732D6F74616B2F76656E646F72223B6E616D657C733A31393A2253757065722041646D696E6973747261746F72223B756E6971756569647C733A373A2233363739343432223B6C6F676765725F70686F746F7C4E3B6C6F67676564696E5F69647C733A313A2231223B6C6F67676564696E5F726F6C655F69647C733A313A2231223B6C6F67676564696E5F7573657269647C733A313A2231223B646174655F666F726D61747C733A383A2225592D256D2D2564223B7365745F6C616E677C733A373A22656E676C697368223B6C6F67676564696E7C623A313B);
INSERT INTO `ci_sessions` VALUES ('7cds6bgj5qfhvoo1rpbmik0f7m5r1pfv', '::1', 1736852543, 0x5F5F63695F6C6173745F726567656E65726174657C693A313733363835323534333B6E616D657C733A31393A2253757065722041646D696E6973747261746F72223B756E6971756569647C733A373A2233363739343432223B6C6F676765725F70686F746F7C4E3B6C6F67676564696E5F69647C733A313A2231223B6C6F67676564696E5F726F6C655F69647C733A313A2231223B6C6F67676564696E5F7573657269647C733A313A2231223B646174655F666F726D61747C733A383A2225592D256D2D2564223B7365745F6C616E677C733A373A22656E676C697368223B6C6F67676564696E7C623A313B);
INSERT INTO `ci_sessions` VALUES ('97i01deml3c95bp0jr7a8g732iuhp213', '::1', 1738592393, 0x5F5F63695F6C6173745F726567656E65726174657C693A313733383539323339333B72656469726563745F75726C7C733A33313A22687474703A2F2F6C6F63616C686F73742F72732D6F74616B2F76656E646F72223B6E616D657C733A31393A2253757065722041646D696E6973747261746F72223B756E6971756569647C733A373A2233363739343432223B6C6F676765725F70686F746F7C4E3B6C6F67676564696E5F69647C733A313A2231223B6C6F67676564696E5F726F6C655F69647C733A313A2231223B6C6F67676564696E5F7573657269647C733A313A2231223B646174655F666F726D61747C733A383A2225592D256D2D2564223B7365745F6C616E677C733A373A22656E676C697368223B6C6F67676564696E7C623A313B);
INSERT INTO `ci_sessions` VALUES ('9itnhdq3utkvars9mtpfi2qg7gkvu6fd', '::1', 1738244471, 0x5F5F63695F6C6173745F726567656E65726174657C693A313733383234343437313B72656469726563745F75726C7C733A33373A22687474703A2F2F6C6F63616C686F73742F72732D6F74616B2F76656E646F722F696E646578223B6E616D657C733A31393A2253757065722041646D696E6973747261746F72223B756E6971756569647C733A373A2233363739343432223B6C6F676765725F70686F746F7C4E3B6C6F67676564696E5F69647C733A313A2231223B6C6F67676564696E5F726F6C655F69647C733A313A2231223B6C6F67676564696E5F7573657269647C733A313A2231223B646174655F666F726D61747C733A383A2225592D256D2D2564223B7365745F6C616E677C733A373A22656E676C697368223B6C6F67676564696E7C623A313B);
INSERT INTO `ci_sessions` VALUES ('9re7msnbkfirablogpk4vhkra398ivni', '::1', 1738590509, 0x5F5F63695F6C6173745F726567656E65726174657C693A313733383539303530393B72656469726563745F75726C7C733A33313A22687474703A2F2F6C6F63616C686F73742F72732D6F74616B2F76656E646F72223B6E616D657C733A31393A2253757065722041646D696E6973747261746F72223B756E6971756569647C733A373A2233363739343432223B6C6F676765725F70686F746F7C4E3B6C6F67676564696E5F69647C733A313A2231223B6C6F67676564696E5F726F6C655F69647C733A313A2231223B6C6F67676564696E5F7573657269647C733A313A2231223B646174655F666F726D61747C733A383A2225592D256D2D2564223B7365745F6C616E677C733A373A22656E676C697368223B6C6F67676564696E7C623A313B);
INSERT INTO `ci_sessions` VALUES ('aujh7l6vu7h5opu9e8ehek4dquq3ds0r', '::1', 1738596221, 0x5F5F63695F6C6173745F726567656E65726174657C693A313733383539363035313B72656469726563745F75726C7C733A33313A22687474703A2F2F6C6F63616C686F73742F72732D6F74616B2F76656E646F72223B6E616D657C733A31393A2253757065722041646D696E6973747261746F72223B756E6971756569647C733A373A2233363739343432223B6C6F676765725F70686F746F7C4E3B6C6F67676564696E5F69647C733A313A2231223B6C6F67676564696E5F726F6C655F69647C733A313A2231223B6C6F67676564696E5F7573657269647C733A313A2231223B646174655F666F726D61747C733A383A2225592D256D2D2564223B7365745F6C616E677C733A373A22656E676C697368223B6C6F67676564696E7C623A313B);
INSERT INTO `ci_sessions` VALUES ('buphe7o3notaifkf9u38jsm69c8dfnv5', '::1', 1738745849, 0x5F5F63695F6C6173745F726567656E65726174657C693A313733383734353834393B6E616D657C733A31393A2253757065722041646D696E6973747261746F72223B756E6971756569647C733A373A2233363739343432223B6C6F676765725F70686F746F7C4E3B6C6F67676564696E5F69647C733A313A2231223B6C6F67676564696E5F726F6C655F69647C733A313A2231223B6C6F67676564696E5F7573657269647C733A313A2231223B646174655F666F726D61747C733A383A2225592D256D2D2564223B7365745F6C616E677C733A373A22656E676C697368223B6C6F67676564696E7C623A313B);
INSERT INTO `ci_sessions` VALUES ('c00fjpetj399if1cjqvrmeougln8s6lm', '::1', 1738589760, 0x5F5F63695F6C6173745F726567656E65726174657C693A313733383538393736303B72656469726563745F75726C7C733A33313A22687474703A2F2F6C6F63616C686F73742F72732D6F74616B2F76656E646F72223B6E616D657C733A31393A2253757065722041646D696E6973747261746F72223B756E6971756569647C733A373A2233363739343432223B6C6F676765725F70686F746F7C4E3B6C6F67676564696E5F69647C733A313A2231223B6C6F67676564696E5F726F6C655F69647C733A313A2231223B6C6F67676564696E5F7573657269647C733A313A2231223B646174655F666F726D61747C733A383A2225592D256D2D2564223B7365745F6C616E677C733A373A22656E676C697368223B6C6F67676564696E7C623A313B);
INSERT INTO `ci_sessions` VALUES ('cou0h56ar3bifo1hg9sdek47997e96sh', '::1', 1737552688, 0x5F5F63695F6C6173745F726567656E65726174657C693A313733373535323638383B72656469726563745F75726C7C733A33373A22687474703A2F2F6C6F63616C686F73742F72732D6F74616B2F76656E646F722F696E646578223B6E616D657C733A31393A2253757065722041646D696E6973747261746F72223B756E6971756569647C733A373A2233363739343432223B6C6F676765725F70686F746F7C4E3B6C6F67676564696E5F69647C733A313A2231223B6C6F67676564696E5F726F6C655F69647C733A313A2231223B6C6F67676564696E5F7573657269647C733A313A2231223B646174655F666F726D61747C733A383A2225592D256D2D2564223B7365745F6C616E677C733A373A22656E676C697368223B6C6F67676564696E7C623A313B);
INSERT INTO `ci_sessions` VALUES ('dksa81v19vm0n1irir4pjvb7ddvt7sue', '::1', 1736858623, 0x5F5F63695F6C6173745F726567656E65726174657C693A313733363835383632333B6E616D657C733A31393A2253757065722041646D696E6973747261746F72223B756E6971756569647C733A373A2233363739343432223B6C6F676765725F70686F746F7C4E3B6C6F67676564696E5F69647C733A313A2231223B6C6F67676564696E5F726F6C655F69647C733A313A2231223B6C6F67676564696E5F7573657269647C733A313A2231223B646174655F666F726D61747C733A383A2225592D256D2D2564223B7365745F6C616E677C733A373A22656E676C697368223B6C6F67676564696E7C623A313B);
INSERT INTO `ci_sessions` VALUES ('eavddudqm8fssiug12nbadm4t2pniv46', '::1', 1736862098, 0x5F5F63695F6C6173745F726567656E65726174657C693A313733363836323039383B6E616D657C733A31393A2253757065722041646D696E6973747261746F72223B756E6971756569647C733A373A2233363739343432223B6C6F676765725F70686F746F7C4E3B6C6F67676564696E5F69647C733A313A2231223B6C6F67676564696E5F726F6C655F69647C733A313A2231223B6C6F67676564696E5F7573657269647C733A313A2231223B646174655F666F726D61747C733A383A2225592D256D2D2564223B7365745F6C616E677C733A373A22656E676C697368223B6C6F67676564696E7C623A313B);
INSERT INTO `ci_sessions` VALUES ('f2tg5umge86go94va7iug2t7ruun6ojn', '::1', 1738592057, 0x5F5F63695F6C6173745F726567656E65726174657C693A313733383539323035373B72656469726563745F75726C7C733A33313A22687474703A2F2F6C6F63616C686F73742F72732D6F74616B2F76656E646F72223B6E616D657C733A31393A2253757065722041646D696E6973747261746F72223B756E6971756569647C733A373A2233363739343432223B6C6F676765725F70686F746F7C4E3B6C6F67676564696E5F69647C733A313A2231223B6C6F67676564696E5F726F6C655F69647C733A313A2231223B6C6F67676564696E5F7573657269647C733A313A2231223B646174655F666F726D61747C733A383A2225592D256D2D2564223B7365745F6C616E677C733A373A22656E676C697368223B6C6F67676564696E7C623A313B);
INSERT INTO `ci_sessions` VALUES ('g0g0hjgj3ncp439g827719plvrca67b3', '::1', 1738593297, 0x5F5F63695F6C6173745F726567656E65726174657C693A313733383539333239373B72656469726563745F75726C7C733A33313A22687474703A2F2F6C6F63616C686F73742F72732D6F74616B2F76656E646F72223B6E616D657C733A31393A2253757065722041646D696E6973747261746F72223B756E6971756569647C733A373A2233363739343432223B6C6F676765725F70686F746F7C4E3B6C6F67676564696E5F69647C733A313A2231223B6C6F67676564696E5F726F6C655F69647C733A313A2231223B6C6F67676564696E5F7573657269647C733A313A2231223B646174655F666F726D61747C733A383A2225592D256D2D2564223B7365745F6C616E677C733A373A22656E676C697368223B6C6F67676564696E7C623A313B);
INSERT INTO `ci_sessions` VALUES ('g8sbkjii89ork5ji7l0o0ul1l0hvt051', '::1', 1738244147, 0x5F5F63695F6C6173745F726567656E65726174657C693A313733383234343134373B72656469726563745F75726C7C733A33373A22687474703A2F2F6C6F63616C686F73742F72732D6F74616B2F76656E646F722F696E646578223B6E616D657C733A31393A2253757065722041646D696E6973747261746F72223B756E6971756569647C733A373A2233363739343432223B6C6F676765725F70686F746F7C4E3B6C6F67676564696E5F69647C733A313A2231223B6C6F67676564696E5F726F6C655F69647C733A313A2231223B6C6F67676564696E5F7573657269647C733A313A2231223B646174655F666F726D61747C733A383A2225592D256D2D2564223B7365745F6C616E677C733A373A22656E676C697368223B6C6F67676564696E7C623A313B);
INSERT INTO `ci_sessions` VALUES ('gjoj4g5sr7t7un36lhhc8v36mlkn4qga', '::1', 1736862743, 0x5F5F63695F6C6173745F726567656E65726174657C693A313733363836323734333B6E616D657C733A31393A2253757065722041646D696E6973747261746F72223B756E6971756569647C733A373A2233363739343432223B6C6F676765725F70686F746F7C4E3B6C6F67676564696E5F69647C733A313A2231223B6C6F67676564696E5F726F6C655F69647C733A313A2231223B6C6F67676564696E5F7573657269647C733A313A2231223B646174655F666F726D61747C733A383A2225592D256D2D2564223B7365745F6C616E677C733A373A22656E676C697368223B6C6F67676564696E7C623A313B);
INSERT INTO `ci_sessions` VALUES ('glsitenpdt8hre1qsgspakv6cnak6fgh', '::1', 1738591002, 0x5F5F63695F6C6173745F726567656E65726174657C693A313733383539313030323B72656469726563745F75726C7C733A33313A22687474703A2F2F6C6F63616C686F73742F72732D6F74616B2F76656E646F72223B6E616D657C733A31393A2253757065722041646D696E6973747261746F72223B756E6971756569647C733A373A2233363739343432223B6C6F676765725F70686F746F7C4E3B6C6F67676564696E5F69647C733A313A2231223B6C6F67676564696E5F726F6C655F69647C733A313A2231223B6C6F67676564696E5F7573657269647C733A313A2231223B646174655F666F726D61747C733A383A2225592D256D2D2564223B7365745F6C616E677C733A373A22656E676C697368223B6C6F67676564696E7C623A313B);
INSERT INTO `ci_sessions` VALUES ('gqcc2432e30i7tvlv28d3ln3ndpbehvh', '::1', 1736862437, 0x5F5F63695F6C6173745F726567656E65726174657C693A313733363836323433373B6E616D657C733A31393A2253757065722041646D696E6973747261746F72223B756E6971756569647C733A373A2233363739343432223B6C6F676765725F70686F746F7C4E3B6C6F67676564696E5F69647C733A313A2231223B6C6F67676564696E5F726F6C655F69647C733A313A2231223B6C6F67676564696E5F7573657269647C733A313A2231223B646174655F666F726D61747C733A383A2225592D256D2D2564223B7365745F6C616E677C733A373A22656E676C697368223B6C6F67676564696E7C623A313B);
INSERT INTO `ci_sessions` VALUES ('htn7udfdb4iqa1o42db6bjgpmudb2l5s', '::1', 1736857605, 0x5F5F63695F6C6173745F726567656E65726174657C693A313733363835373630353B6E616D657C733A31393A2253757065722041646D696E6973747261746F72223B756E6971756569647C733A373A2233363739343432223B6C6F676765725F70686F746F7C4E3B6C6F67676564696E5F69647C733A313A2231223B6C6F67676564696E5F726F6C655F69647C733A313A2231223B6C6F67676564696E5F7573657269647C733A313A2231223B646174655F666F726D61747C733A383A2225592D256D2D2564223B7365745F6C616E677C733A373A22656E676C697368223B6C6F67676564696E7C623A313B);
INSERT INTO `ci_sessions` VALUES ('iid8kn6g24d8922eggb7bepkole0njef', '::1', 1736859832, 0x5F5F63695F6C6173745F726567656E65726174657C693A313733363835393833323B6E616D657C733A31393A2253757065722041646D696E6973747261746F72223B756E6971756569647C733A373A2233363739343432223B6C6F676765725F70686F746F7C4E3B6C6F67676564696E5F69647C733A313A2231223B6C6F67676564696E5F726F6C655F69647C733A313A2231223B6C6F67676564696E5F7573657269647C733A313A2231223B646174655F666F726D61747C733A383A2225592D256D2D2564223B7365745F6C616E677C733A373A22656E676C697368223B6C6F67676564696E7C623A313B);
INSERT INTO `ci_sessions` VALUES ('il6g1sjtmrh1hn1ks47kvq09rsqtg9db', '::1', 1738595289, 0x5F5F63695F6C6173745F726567656E65726174657C693A313733383539353238393B72656469726563745F75726C7C733A33313A22687474703A2F2F6C6F63616C686F73742F72732D6F74616B2F76656E646F72223B6E616D657C733A31393A2253757065722041646D696E6973747261746F72223B756E6971756569647C733A373A2233363739343432223B6C6F676765725F70686F746F7C4E3B6C6F67676564696E5F69647C733A313A2231223B6C6F67676564696E5F726F6C655F69647C733A313A2231223B6C6F67676564696E5F7573657269647C733A313A2231223B646174655F666F726D61747C733A383A2225592D256D2D2564223B7365745F6C616E677C733A373A22656E676C697368223B6C6F67676564696E7C623A313B);
INSERT INTO `ci_sessions` VALUES ('inj6sp01cp7bkn777gre5etvt1ppnjsp', '::1', 1737553307, 0x5F5F63695F6C6173745F726567656E65726174657C693A313733373535333330373B72656469726563745F75726C7C733A33373A22687474703A2F2F6C6F63616C686F73742F72732D6F74616B2F76656E646F722F696E646578223B6E616D657C733A31393A2253757065722041646D696E6973747261746F72223B756E6971756569647C733A373A2233363739343432223B6C6F676765725F70686F746F7C4E3B6C6F67676564696E5F69647C733A313A2231223B6C6F67676564696E5F726F6C655F69647C733A313A2231223B6C6F67676564696E5F7573657269647C733A313A2231223B646174655F666F726D61747C733A383A2225592D256D2D2564223B7365745F6C616E677C733A373A22656E676C697368223B6C6F67676564696E7C623A313B);
INSERT INTO `ci_sessions` VALUES ('js109o2f56rd8nualnn80p88ts4icntr', '::1', 1738746367, 0x5F5F63695F6C6173745F726567656E65726174657C693A313733383734363336373B6E616D657C733A31393A2253757065722041646D696E6973747261746F72223B756E6971756569647C733A373A2233363739343432223B6C6F676765725F70686F746F7C4E3B6C6F67676564696E5F69647C733A313A2231223B6C6F67676564696E5F726F6C655F69647C733A313A2231223B6C6F67676564696E5F7573657269647C733A313A2231223B646174655F666F726D61747C733A383A2225592D256D2D2564223B7365745F6C616E677C733A373A22656E676C697368223B6C6F67676564696E7C623A313B);
INSERT INTO `ci_sessions` VALUES ('jum06h08rqeg4ere6i9eiqn7s4ll6ccj', '::1', 1736860836, 0x5F5F63695F6C6173745F726567656E65726174657C693A313733363836303833363B6E616D657C733A31393A2253757065722041646D696E6973747261746F72223B756E6971756569647C733A373A2233363739343432223B6C6F676765725F70686F746F7C4E3B6C6F67676564696E5F69647C733A313A2231223B6C6F67676564696E5F726F6C655F69647C733A313A2231223B6C6F67676564696E5F7573657269647C733A313A2231223B646174655F666F726D61747C733A383A2225592D256D2D2564223B7365745F6C616E677C733A373A22656E676C697368223B6C6F67676564696E7C623A313B);
INSERT INTO `ci_sessions` VALUES ('k1o7tcg68uqj4ved6hcfo24jsq04tldb', '::1', 1736861154, 0x5F5F63695F6C6173745F726567656E65726174657C693A313733363836313135343B6E616D657C733A31393A2253757065722041646D696E6973747261746F72223B756E6971756569647C733A373A2233363739343432223B6C6F676765725F70686F746F7C4E3B6C6F67676564696E5F69647C733A313A2231223B6C6F67676564696E5F726F6C655F69647C733A313A2231223B6C6F67676564696E5F7573657269647C733A313A2231223B646174655F666F726D61747C733A383A2225592D256D2D2564223B7365745F6C616E677C733A373A22656E676C697368223B6C6F67676564696E7C623A313B);
INSERT INTO `ci_sessions` VALUES ('lg59c91ries7mron33igh5dll8mvj21f', '::1', 1738677162, 0x5F5F63695F6C6173745F726567656E65726174657C693A313733383637373034343B72656469726563745F75726C7C733A33313A22687474703A2F2F6C6F63616C686F73742F72732D6F74616B2F76656E646F72223B6E616D657C733A31393A2253757065722041646D696E6973747261746F72223B756E6971756569647C733A373A2233363739343432223B6C6F676765725F70686F746F7C4E3B6C6F67676564696E5F69647C733A313A2231223B6C6F67676564696E5F726F6C655F69647C733A313A2231223B6C6F67676564696E5F7573657269647C733A313A2231223B646174655F666F726D61747C733A383A2225592D256D2D2564223B7365745F6C616E677C733A373A22656E676C697368223B6C6F67676564696E7C623A313B);
INSERT INTO `ci_sessions` VALUES ('n6g93hhnjokv6964a0oqlr0n97nfbi2t', '::1', 1736993062, 0x5F5F63695F6C6173745F726567656E65726174657C693A313733363939333031363B72656469726563745F75726C7C733A33373A22687474703A2F2F6C6F63616C686F73742F72732D6F74616B2F76656E646F722F696E646578223B6E616D657C733A31393A2253757065722041646D696E6973747261746F72223B756E6971756569647C733A373A2233363739343432223B6C6F676765725F70686F746F7C4E3B6C6F67676564696E5F69647C733A313A2231223B6C6F67676564696E5F726F6C655F69647C733A313A2231223B6C6F67676564696E5F7573657269647C733A313A2231223B646174655F666F726D61747C733A383A2225592D256D2D2564223B7365745F6C616E677C733A373A22656E676C697368223B6C6F67676564696E7C623A313B);
INSERT INTO `ci_sessions` VALUES ('n7djrn27g8ldo7t7tjfo6nq4ag50811o', '::1', 1736854161, 0x5F5F63695F6C6173745F726567656E65726174657C693A313733363835343136313B6E616D657C733A31393A2253757065722041646D696E6973747261746F72223B756E6971756569647C733A373A2233363739343432223B6C6F676765725F70686F746F7C4E3B6C6F67676564696E5F69647C733A313A2231223B6C6F67676564696E5F726F6C655F69647C733A313A2231223B6C6F67676564696E5F7573657269647C733A313A2231223B646174655F666F726D61747C733A383A2225592D256D2D2564223B7365745F6C616E677C733A373A22656E676C697368223B6C6F67676564696E7C623A313B);
INSERT INTO `ci_sessions` VALUES ('n9vfnbejtbcr9jsgljhdmk14ifqvo03f', '::1', 1738589367, 0x5F5F63695F6C6173745F726567656E65726174657C693A313733383538393336373B72656469726563745F75726C7C733A33313A22687474703A2F2F6C6F63616C686F73742F72732D6F74616B2F76656E646F72223B6E616D657C733A31393A2253757065722041646D696E6973747261746F72223B756E6971756569647C733A373A2233363739343432223B6C6F676765725F70686F746F7C4E3B6C6F67676564696E5F69647C733A313A2231223B6C6F67676564696E5F726F6C655F69647C733A313A2231223B6C6F67676564696E5F7573657269647C733A313A2231223B646174655F666F726D61747C733A383A2225592D256D2D2564223B7365745F6C616E677C733A373A22656E676C697368223B6C6F67676564696E7C623A313B);
INSERT INTO `ci_sessions` VALUES ('nf3pbbfm2i90ld34b2of91gnk2a6ul6k', '::1', 1738594935, 0x5F5F63695F6C6173745F726567656E65726174657C693A313733383539343933353B72656469726563745F75726C7C733A33313A22687474703A2F2F6C6F63616C686F73742F72732D6F74616B2F76656E646F72223B6E616D657C733A31393A2253757065722041646D696E6973747261746F72223B756E6971756569647C733A373A2233363739343432223B6C6F676765725F70686F746F7C4E3B6C6F67676564696E5F69647C733A313A2231223B6C6F67676564696E5F726F6C655F69647C733A313A2231223B6C6F67676564696E5F7573657269647C733A313A2231223B646174655F666F726D61747C733A383A2225592D256D2D2564223B7365745F6C616E677C733A373A22656E676C697368223B6C6F67676564696E7C623A313B);
INSERT INTO `ci_sessions` VALUES ('nram088tsqloaofs9lsd34p8unbnhvdg', '::1', 1736860445, 0x5F5F63695F6C6173745F726567656E65726174657C693A313733363836303434353B6E616D657C733A31393A2253757065722041646D696E6973747261746F72223B756E6971756569647C733A373A2233363739343432223B6C6F676765725F70686F746F7C4E3B6C6F67676564696E5F69647C733A313A2231223B6C6F67676564696E5F726F6C655F69647C733A313A2231223B6C6F67676564696E5F7573657269647C733A313A2231223B646174655F666F726D61747C733A383A2225592D256D2D2564223B7365745F6C616E677C733A373A22656E676C697368223B6C6F67676564696E7C623A313B);
INSERT INTO `ci_sessions` VALUES ('ntuike3b4dm7qmlipt8sd0vf8ensanj4', '::1', 1736859111, 0x5F5F63695F6C6173745F726567656E65726174657C693A313733363835393131313B6E616D657C733A31393A2253757065722041646D696E6973747261746F72223B756E6971756569647C733A373A2233363739343432223B6C6F676765725F70686F746F7C4E3B6C6F67676564696E5F69647C733A313A2231223B6C6F67676564696E5F726F6C655F69647C733A313A2231223B6C6F67676564696E5F7573657269647C733A313A2231223B646174655F666F726D61747C733A383A2225592D256D2D2564223B7365745F6C616E677C733A373A22656E676C697368223B6C6F67676564696E7C623A313B);
INSERT INTO `ci_sessions` VALUES ('p8nd7bvfv49pp1mat28bsjpp59dgioqn', '::1', 1736861612, 0x5F5F63695F6C6173745F726567656E65726174657C693A313733363836313631323B6E616D657C733A31393A2253757065722041646D696E6973747261746F72223B756E6971756569647C733A373A2233363739343432223B6C6F676765725F70686F746F7C4E3B6C6F67676564696E5F69647C733A313A2231223B6C6F67676564696E5F726F6C655F69647C733A313A2231223B6C6F67676564696E5F7573657269647C733A313A2231223B646174655F666F726D61747C733A383A2225592D256D2D2564223B7365745F6C616E677C733A373A22656E676C697368223B6C6F67676564696E7C623A313B);
INSERT INTO `ci_sessions` VALUES ('p9r5mh90r62qra1dqj8lgi4128u9tteg', '::1', 1738591741, 0x5F5F63695F6C6173745F726567656E65726174657C693A313733383539313734313B72656469726563745F75726C7C733A33313A22687474703A2F2F6C6F63616C686F73742F72732D6F74616B2F76656E646F72223B6E616D657C733A31393A2253757065722041646D696E6973747261746F72223B756E6971756569647C733A373A2233363739343432223B6C6F676765725F70686F746F7C4E3B6C6F67676564696E5F69647C733A313A2231223B6C6F67676564696E5F726F6C655F69647C733A313A2231223B6C6F67676564696E5F7573657269647C733A313A2231223B646174655F666F726D61747C733A383A2225592D256D2D2564223B7365745F6C616E677C733A373A22656E676C697368223B6C6F67676564696E7C623A313B);
INSERT INTO `ci_sessions` VALUES ('pf3m19iu14n2fukhhae4u85i7s5fn6pr', '::1', 1736855683, 0x5F5F63695F6C6173745F726567656E65726174657C693A313733363835353638333B6E616D657C733A31393A2253757065722041646D696E6973747261746F72223B756E6971756569647C733A373A2233363739343432223B6C6F676765725F70686F746F7C4E3B6C6F67676564696E5F69647C733A313A2231223B6C6F67676564696E5F726F6C655F69647C733A313A2231223B6C6F67676564696E5F7573657269647C733A313A2231223B646174655F666F726D61747C733A383A2225592D256D2D2564223B7365745F6C616E677C733A373A22656E676C697368223B6C6F67676564696E7C623A313B);
INSERT INTO `ci_sessions` VALUES ('qcblucjmid3n0m47nk92pbgckp2hnp3l', '::1', 1736856149, 0x5F5F63695F6C6173745F726567656E65726174657C693A313733363835363134393B6E616D657C733A31393A2253757065722041646D696E6973747261746F72223B756E6971756569647C733A373A2233363739343432223B6C6F676765725F70686F746F7C4E3B6C6F67676564696E5F69647C733A313A2231223B6C6F67676564696E5F726F6C655F69647C733A313A2231223B6C6F67676564696E5F7573657269647C733A313A2231223B646174655F666F726D61747C733A383A2225592D256D2D2564223B7365745F6C616E677C733A373A22656E676C697368223B6C6F67676564696E7C623A313B);
INSERT INTO `ci_sessions` VALUES ('qcdsfdpg559656jsq87qbdarfrp5rs61', '::1', 1738746832, 0x5F5F63695F6C6173745F726567656E65726174657C693A313733383734363831373B6E616D657C733A31393A2253757065722041646D696E6973747261746F72223B756E6971756569647C733A373A2233363739343432223B6C6F676765725F70686F746F7C4E3B6C6F67676564696E5F69647C733A313A2231223B6C6F67676564696E5F726F6C655F69647C733A313A2231223B6C6F67676564696E5F7573657269647C733A313A2231223B646174655F666F726D61747C733A383A2225592D256D2D2564223B7365745F6C616E677C733A373A22656E676C697368223B6C6F67676564696E7C623A313B);
INSERT INTO `ci_sessions` VALUES ('qv60ee2fg7oig8n1d9pj0h9c437bgime', '::1', 1736855359, 0x5F5F63695F6C6173745F726567656E65726174657C693A313733363835353335393B6E616D657C733A31393A2253757065722041646D696E6973747261746F72223B756E6971756569647C733A373A2233363739343432223B6C6F676765725F70686F746F7C4E3B6C6F67676564696E5F69647C733A313A2231223B6C6F67676564696E5F726F6C655F69647C733A313A2231223B6C6F67676564696E5F7573657269647C733A313A2231223B646174655F666F726D61747C733A383A2225592D256D2D2564223B7365745F6C616E677C733A373A22656E676C697368223B6C6F67676564696E7C623A313B);
INSERT INTO `ci_sessions` VALUES ('r38okf17481avheo2tp1sk5001gtmr4o', '::1', 1736853602, 0x5F5F63695F6C6173745F726567656E65726174657C693A313733363835333630323B6E616D657C733A31393A2253757065722041646D696E6973747261746F72223B756E6971756569647C733A373A2233363739343432223B6C6F676765725F70686F746F7C4E3B6C6F67676564696E5F69647C733A313A2231223B6C6F67676564696E5F726F6C655F69647C733A313A2231223B6C6F67676564696E5F7573657269647C733A313A2231223B646174655F666F726D61747C733A383A2225592D256D2D2564223B7365745F6C616E677C733A373A22656E676C697368223B6C6F67676564696E7C623A313B);
INSERT INTO `ci_sessions` VALUES ('rk2q2n3ursp5rkc5gf3ifo88bb85hgq6', '::1', 1738587782, 0x5F5F63695F6C6173745F726567656E65726174657C693A313733383538373738323B72656469726563745F75726C7C733A33313A22687474703A2F2F6C6F63616C686F73742F72732D6F74616B2F76656E646F72223B6E616D657C733A31393A2253757065722041646D696E6973747261746F72223B756E6971756569647C733A373A2233363739343432223B6C6F676765725F70686F746F7C4E3B6C6F67676564696E5F69647C733A313A2231223B6C6F67676564696E5F726F6C655F69647C733A313A2231223B6C6F67676564696E5F7573657269647C733A313A2231223B646174655F666F726D61747C733A383A2225592D256D2D2564223B7365745F6C616E677C733A373A22656E676C697368223B6C6F67676564696E7C623A313B);
INSERT INTO `ci_sessions` VALUES ('rs403u05b9gkjcsa8ktdtl7m2chli352', '::1', 1738592924, 0x5F5F63695F6C6173745F726567656E65726174657C693A313733383539323932343B72656469726563745F75726C7C733A33313A22687474703A2F2F6C6F63616C686F73742F72732D6F74616B2F76656E646F72223B6E616D657C733A31393A2253757065722041646D696E6973747261746F72223B756E6971756569647C733A373A2233363739343432223B6C6F676765725F70686F746F7C4E3B6C6F67676564696E5F69647C733A313A2231223B6C6F67676564696E5F726F6C655F69647C733A313A2231223B6C6F67676564696E5F7573657269647C733A313A2231223B646174655F666F726D61747C733A383A2225592D256D2D2564223B7365745F6C616E677C733A373A22656E676C697368223B6C6F67676564696E7C623A313B);
INSERT INTO `ci_sessions` VALUES ('t2ip9qhchocc7f9271mjgs7ihgh477oi', '::1', 1738677044, 0x5F5F63695F6C6173745F726567656E65726174657C693A313733383637373034343B72656469726563745F75726C7C733A33313A22687474703A2F2F6C6F63616C686F73742F72732D6F74616B2F76656E646F72223B6E616D657C733A31393A2253757065722041646D696E6973747261746F72223B756E6971756569647C733A373A2233363739343432223B6C6F676765725F70686F746F7C4E3B6C6F67676564696E5F69647C733A313A2231223B6C6F67676564696E5F726F6C655F69647C733A313A2231223B6C6F67676564696E5F7573657269647C733A313A2231223B646174655F666F726D61747C733A383A2225592D256D2D2564223B7365745F6C616E677C733A373A22656E676C697368223B6C6F67676564696E7C623A313B);
INSERT INTO `ci_sessions` VALUES ('t61iok2a9e9im92vha83p2lups9popm7', '::1', 1738244739, 0x5F5F63695F6C6173745F726567656E65726174657C693A313733383234343437313B72656469726563745F75726C7C733A33373A22687474703A2F2F6C6F63616C686F73742F72732D6F74616B2F76656E646F722F696E646578223B6E616D657C733A31393A2253757065722041646D696E6973747261746F72223B756E6971756569647C733A373A2233363739343432223B6C6F676765725F70686F746F7C4E3B6C6F67676564696E5F69647C733A313A2231223B6C6F67676564696E5F726F6C655F69647C733A313A2231223B6C6F67676564696E5F7573657269647C733A313A2231223B646174655F666F726D61747C733A383A2225592D256D2D2564223B7365745F6C616E677C733A373A22656E676C697368223B6C6F67676564696E7C623A313B);
INSERT INTO `ci_sessions` VALUES ('t6am0dlh90m96onml8111140ofq6kmuj', '::1', 1736857921, 0x5F5F63695F6C6173745F726567656E65726174657C693A313733363835373932313B6E616D657C733A31393A2253757065722041646D696E6973747261746F72223B756E6971756569647C733A373A2233363739343432223B6C6F676765725F70686F746F7C4E3B6C6F67676564696E5F69647C733A313A2231223B6C6F67676564696E5F726F6C655F69647C733A313A2231223B6C6F67676564696E5F7573657269647C733A313A2231223B646174655F666F726D61747C733A383A2225592D256D2D2564223B7365745F6C616E677C733A373A22656E676C697368223B6C6F67676564696E7C623A313B);
INSERT INTO `ci_sessions` VALUES ('td520vitua8mubcgjp5kdskjh48ak3pa', '::1', 1736856949, 0x5F5F63695F6C6173745F726567656E65726174657C693A313733363835363934393B6E616D657C733A31393A2253757065722041646D696E6973747261746F72223B756E6971756569647C733A373A2233363739343432223B6C6F676765725F70686F746F7C4E3B6C6F67676564696E5F69647C733A313A2231223B6C6F67676564696E5F726F6C655F69647C733A313A2231223B6C6F67676564696E5F7573657269647C733A313A2231223B646174655F666F726D61747C733A383A2225592D256D2D2564223B7365745F6C616E677C733A373A22656E676C697368223B6C6F67676564696E7C623A313B);
INSERT INTO `ci_sessions` VALUES ('tkaodnispc68j5895lurvc4o6ev7rco0', '::1', 1738676595, 0x5F5F63695F6C6173745F726567656E65726174657C693A313733383637363539353B72656469726563745F75726C7C733A33313A22687474703A2F2F6C6F63616C686F73742F72732D6F74616B2F76656E646F72223B6E616D657C733A31393A2253757065722041646D696E6973747261746F72223B756E6971756569647C733A373A2233363739343432223B6C6F676765725F70686F746F7C4E3B6C6F67676564696E5F69647C733A313A2231223B6C6F67676564696E5F726F6C655F69647C733A313A2231223B6C6F67676564696E5F7573657269647C733A313A2231223B646174655F666F726D61747C733A383A2225592D256D2D2564223B7365745F6C616E677C733A373A22656E676C697368223B6C6F67676564696E7C623A313B);
INSERT INTO `ci_sessions` VALUES ('tpqeq8cv75u0jtfoqot4iutraorp89h9', '::1', 1736854501, 0x5F5F63695F6C6173745F726567656E65726174657C693A313733363835343530313B6E616D657C733A31393A2253757065722041646D696E6973747261746F72223B756E6971756569647C733A373A2233363739343432223B6C6F676765725F70686F746F7C4E3B6C6F67676564696E5F69647C733A313A2231223B6C6F67676564696E5F726F6C655F69647C733A313A2231223B6C6F67676564696E5F7573657269647C733A313A2231223B646174655F666F726D61747C733A383A2225592D256D2D2564223B7365745F6C616E677C733A373A22656E676C697368223B6C6F67676564696E7C623A313B);
INSERT INTO `ci_sessions` VALUES ('tv01r69g3qahmeud9nba4do3rff8kac1', '::1', 1738587373, 0x5F5F63695F6C6173745F726567656E65726174657C693A313733383538373337333B72656469726563745F75726C7C733A33313A22687474703A2F2F6C6F63616C686F73742F72732D6F74616B2F76656E646F72223B6E616D657C733A31393A2253757065722041646D696E6973747261746F72223B756E6971756569647C733A373A2233363739343432223B6C6F676765725F70686F746F7C4E3B6C6F67676564696E5F69647C733A313A2231223B6C6F67676564696E5F726F6C655F69647C733A313A2231223B6C6F67676564696E5F7573657269647C733A313A2231223B646174655F666F726D61747C733A383A2225592D256D2D2564223B7365745F6C616E677C733A373A22656E676C697368223B6C6F67676564696E7C623A313B);
INSERT INTO `ci_sessions` VALUES ('v8v0nb09a5v71pqnv78sd8n6jcngvjo9', '::1', 1738595727, 0x5F5F63695F6C6173745F726567656E65726174657C693A313733383539353732373B72656469726563745F75726C7C733A33313A22687474703A2F2F6C6F63616C686F73742F72732D6F74616B2F76656E646F72223B6E616D657C733A31393A2253757065722041646D696E6973747261746F72223B756E6971756569647C733A373A2233363739343432223B6C6F676765725F70686F746F7C4E3B6C6F67676564696E5F69647C733A313A2231223B6C6F67676564696E5F726F6C655F69647C733A313A2231223B6C6F67676564696E5F7573657269647C733A313A2231223B646174655F666F726D61747C733A383A2225592D256D2D2564223B7365745F6C616E677C733A373A22656E676C697368223B6C6F67676564696E7C623A313B);

-- ----------------------------
-- Table structure for global_settings
-- ----------------------------
DROP TABLE IF EXISTS `global_settings`;
CREATE TABLE `global_settings`  (
  `id` int(11) NOT NULL AUTO_INCREMENT,
  `institute_name` varchar(255) CHARACTER SET utf8 COLLATE utf8_general_ci NOT NULL,
  `institute_email` varchar(100) CHARACTER SET utf8 COLLATE utf8_general_ci NOT NULL,
  `address` text CHARACTER SET utf8 COLLATE utf8_general_ci NOT NULL,
  `mobileno` varchar(50) CHARACTER SET utf8 COLLATE utf8_general_ci NOT NULL,
  `currency` varchar(50) CHARACTER SET utf8 COLLATE utf8_general_ci NOT NULL,
  `currency_symbol` varchar(50) CHARACTER SET utf8 COLLATE utf8_general_ci NOT NULL,
  `translation` varchar(20) CHARACTER SET utf8 COLLATE utf8_general_ci NOT NULL,
  `footer_text` text CHARACTER SET utf8 COLLATE utf8_general_ci NOT NULL,
  `animations` varchar(50) CHARACTER SET utf8 COLLATE utf8_general_ci NOT NULL,
  `timezone` varchar(30) CHARACTER SET utf8 COLLATE utf8_general_ci NOT NULL,
  `date_format` varchar(20) CHARACTER SET utf32 COLLATE utf32_unicode_ci NOT NULL,
  `facebook_url` varchar(255) CHARACTER SET utf8 COLLATE utf8_general_ci NOT NULL,
  `twitter_url` varchar(255) CHARACTER SET utf8 COLLATE utf8_general_ci NOT NULL,
  `linkedin_url` varchar(255) CHARACTER SET utf8 COLLATE utf8_general_ci NOT NULL,
  `youtube_url` varchar(255) CHARACTER SET utf8 COLLATE utf8_general_ci NOT NULL,
  `captcha_status` varchar(20) CHARACTER SET utf8 COLLATE utf8_general_ci NOT NULL,
  `recaptcha_site_key` varchar(255) CHARACTER SET utf8 COLLATE utf8_general_ci NOT NULL,
  `recaptcha_secret_key` varchar(255) CHARACTER SET utf8 COLLATE utf8_general_ci NOT NULL,
  `created_at` datetime NOT NULL DEFAULT CURRENT_TIMESTAMP,
  `updated_at` datetime NOT NULL DEFAULT CURRENT_TIMESTAMP ON UPDATE CURRENT_TIMESTAMP,
  PRIMARY KEY (`id`) USING BTREE
) ENGINE = InnoDB AUTO_INCREMENT = 2 CHARACTER SET = utf8 COLLATE = utf8_general_ci ROW_FORMAT = DYNAMIC;

-- ----------------------------
-- Records of global_settings
-- ----------------------------
INSERT INTO `global_settings` VALUES (1, 'Djamil Backoffice', 'simrsdjamil@example.com', '', '', 'IDR', 'Rp', 'english', '© 2019 Djamil Backoffice - Developed by SIM RS Djamil', 'fadeInUp', 'Asia/Jakarta', '%Y-%m-%d', '', '', '', '', '', '', '', '2018-10-22 15:07:49', '2025-02-05 15:46:27');

-- ----------------------------
-- Table structure for kontrak_penyedia
-- ----------------------------
DROP TABLE IF EXISTS `kontrak_penyedia`;
CREATE TABLE `kontrak_penyedia`  (
  `id` int(11) NOT NULL AUTO_INCREMENT,
  `uuid` varchar(36) CHARACTER SET latin1 COLLATE latin1_swedish_ci NOT NULL,
  `name` varchar(255) CHARACTER SET latin1 COLLATE latin1_swedish_ci NULL DEFAULT NULL,
  `position` varchar(255) CHARACTER SET latin1 COLLATE latin1_swedish_ci NULL DEFAULT NULL,
  `company_name` varchar(255) CHARACTER SET latin1 COLLATE latin1_swedish_ci NULL DEFAULT NULL,
  `address` text CHARACTER SET latin1 COLLATE latin1_swedish_ci NULL,
  `mobileno` varchar(25) CHARACTER SET utf8 COLLATE utf8_general_ci NULL DEFAULT NULL,
  `email` varchar(100) CHARACTER SET utf8 COLLATE utf8_general_ci NULL DEFAULT NULL,
  `bank_acc` varchar(25) CHARACTER SET latin1 COLLATE latin1_swedish_ci NULL DEFAULT NULL,
  `jenis_usaha_id` int(11) NULL DEFAULT NULL,
  `bank_id` int(11) NULL DEFAULT NULL,
  `is_active` int(1) NULL DEFAULT NULL,
  `created_at` datetime NULL DEFAULT CURRENT_TIMESTAMP ON UPDATE CURRENT_TIMESTAMP,
  `created_by` varchar(255) CHARACTER SET utf8mb4 COLLATE utf8mb4_general_ci NULL DEFAULT NULL,
  `updated_at` datetime NULL DEFAULT NULL,
  `updated_by` varchar(255) CHARACTER SET utf8mb4 COLLATE utf8mb4_general_ci NULL DEFAULT NULL,
  `deleted_at` datetime NULL DEFAULT NULL,
  `deleted_by` varchar(255) CHARACTER SET utf8mb4 COLLATE utf8mb4_general_ci NULL DEFAULT NULL,
  PRIMARY KEY (`id`) USING BTREE,
  INDEX `jenis_usaha_id`(`jenis_usaha_id`) USING BTREE,
  INDEX `bank_id`(`bank_id`) USING BTREE,
  INDEX `is_active`(`is_active`) USING BTREE
) ENGINE = InnoDB AUTO_INCREMENT = 16 CHARACTER SET = latin1 COLLATE = latin1_swedish_ci ROW_FORMAT = DYNAMIC;

-- ----------------------------
-- Records of kontrak_penyedia
-- ----------------------------
INSERT INTO `kontrak_penyedia` VALUES (1, '343e7309-33f9-4967-a0db-b50ad2d832ea', 'Ade Darma, S.Kom', 'Direktur Utama', 'PT. Golden Hands Group', 'Jl. Perintis Kemerdekaan', '081234567890', 'marketing@ghg.co.id', '1234567890', 7, 6, 0, '2025-01-14 20:51:15', 'Super Administrator', '2025-01-14 20:17:54', 'Super Administrator', '2025-01-14 20:51:15', 'Super Administrator');
INSERT INTO `kontrak_penyedia` VALUES (2, 'e8a4fcb1-a700-44c3-9ba6-5d0e63bc222c', 'Ade Darma', 'Direktur Utama', 'PT. Golden Hands Group', 'Jl. Perintis Kemerdekaan', '081234567890', 'marketing@ghg.co.id', '1234567890', 7, 6, 0, '2025-01-14 20:51:21', 'Super Administrator', NULL, NULL, '2025-01-14 20:51:21', 'Super Administrator');
INSERT INTO `kontrak_penyedia` VALUES (3, 'aef715c8-3f09-463f-b522-87d6cb684770', 'Ade Darma', 'Direktur Utama', 'PT. Golden Hands Group', 'Jl. Perintis Kemerdekaan', '081234567890', 'marketing@ghg.co.id', '1234567890', 7, 6, 0, '2025-01-14 20:51:25', 'Super Administrator', NULL, NULL, '2025-01-14 20:51:25', 'Super Administrator');
INSERT INTO `kontrak_penyedia` VALUES (4, 'eee02fd4-42d6-4087-a7aa-68ec4dd5aa0b', 'Ade Darma, S.Kom', 'Direktur Utama', 'PT. Golden Hands Group', 'Jl. Perintis Kemerdekaan', '081234567890', 'marketing@ghg.co.id', '1234567890', 7, 6, 0, '2025-01-14 20:51:29', 'Super Administrator', '2025-01-14 20:18:00', 'Super Administrator', '2025-01-14 20:51:29', 'Super Administrator');
INSERT INTO `kontrak_penyedia` VALUES (5, 'dfec50fb-ffce-47ce-b8cf-295c0c998d3d', 'Ade Darma', 'Direktur Utama', 'PT. Golden Hands Group', 'Jl. Perintis Kemerdekaan', '081234567890', 'marketing@ghg.co.id', '1234567890', 7, 6, 0, '2025-01-14 20:51:32', 'Super Administrator', NULL, NULL, '2025-01-14 20:51:32', 'Super Administrator');
INSERT INTO `kontrak_penyedia` VALUES (6, '7b205229-9d27-46c7-bdb1-fc164ea3a009', 'Ade Darma', 'Direktur Utama', 'PT. Golden Hands Group', 'Jl. Perintis Kemerdekaan', '081234567890', 'marketing@ghg.co.id', '1234567890', 7, 6, 0, '2025-01-14 20:54:59', 'Super Administrator', NULL, NULL, '2025-01-14 20:54:59', 'Super Administrator');
INSERT INTO `kontrak_penyedia` VALUES (7, 'ca935ff8-f16a-4fce-84a0-8b1474dd88eb', 'Ade Darma', 'Direktur Utama', 'PT. Golden Hands Group', 'Jl. Perintis Kemerdekaan', '081234567890', 'marketing@ghg.co.id', '1234567890', 7, 10, 1, '2025-01-14 20:14:37', 'Super Administrator', NULL, NULL, NULL, NULL);
INSERT INTO `kontrak_penyedia` VALUES (8, '6c65077d-0ba3-4447-a099-3898201e9b32', 'Ade Darma', 'Direktur Utama', 'PT. Golden Hands Group', 'Jl. Perintis Kemerdekaan', '081234567890', 'marketing@ghg.co.id', '1234567890', 7, 6, 0, '2025-01-14 20:50:57', 'Super Administrator', NULL, NULL, '2025-01-14 20:50:57', 'Super Administrator');
INSERT INTO `kontrak_penyedia` VALUES (9, '8cd6a697-bba7-491b-96cb-c909f55a3a07', 'Ade Darma', 'Direktur Utama', 'PT. Golden Hands Group', 'Jl. Perintis Kemerdekaan', '081234567890', 'marketing@ghg.co.id', '1234567890', 4, 6, 0, '2025-01-14 20:50:25', 'Super Administrator', NULL, NULL, '2025-01-14 20:50:25', 'Super Administrator');
INSERT INTO `kontrak_penyedia` VALUES (10, '3309c992-0114-408f-b01a-57ad6e3f7f07', 'Ade Darma', 'Direktur Utama', 'PT. Golden Hands Group', 'Jl. Perintis Kemerdekaan', '081234567890', 'marketing@ghg.co.id', '1234567890', 4, 6, 0, '2025-01-14 20:50:40', 'Super Administrator', NULL, NULL, '2025-01-14 20:50:40', 'Super Administrator');
INSERT INTO `kontrak_penyedia` VALUES (11, '9baeb5a3-9a60-45c4-ba3a-f4a237416c09', 'Ade Darma', 'Direktur Utama', 'PT. Golden Hands Group', 'Jl. Perintis Kemerdekaan', '081234567890', 'marketing@ghg.co.id', '1234567890', 4, 6, 0, '2025-01-14 20:51:05', 'Super Administrator', NULL, NULL, '2025-01-14 20:51:05', 'Super Administrator');
INSERT INTO `kontrak_penyedia` VALUES (12, '36cdf8a1-3f6f-4739-b960-0652752e5f31', 'Ade Darma', 'Direktur Utama', 'PT. Golden Hands Group', 'Jl. Perintis Kemerdekaan', '081234567890', 'marketing@ghg.co.id', '1234567890', 4, 6, 0, '2025-01-14 20:51:11', 'Super Administrator', NULL, NULL, '2025-01-14 20:51:11', 'Super Administrator');
INSERT INTO `kontrak_penyedia` VALUES (13, '5e1fb0d5-2574-4cfe-9ea7-dd5b7e088dae', 'Ade Darma', 'Direktur Utama', 'PT. Golden Hands Group', 'Jl. Perintis Kemerdekaan', '081234567890', 'marketing@ghg.co.id', '1234567890', 7, 6, 1, '2025-01-14 20:14:37', 'Super Administrator', NULL, NULL, NULL, NULL);
INSERT INTO `kontrak_penyedia` VALUES (14, '74a89cb0-66b6-4ec7-95ab-4caaeac7f40b', 'Ade Darma', 'Direktur Utama', 'PT. Golden Hands Group', 'Jl. Perintis Kemerdekaan', '081234567890', 'marketing@ghg.co.id', '1234567890', 7, 6, 1, '2025-01-14 20:14:37', 'Super Administrator', NULL, NULL, NULL, NULL);
INSERT INTO `kontrak_penyedia` VALUES (15, 'd1c29105-27bb-4c7e-a76a-6a6c67da6242', 'Ade Darma', 'Direktur Utama', 'PT. Golden Hands Group', 'Jl. Perintis Kemerdekaan', '081234567890', 'marketing@ghg.co.id', '1234567890', 7, 6, 0, '2025-01-14 20:52:22', 'Super Administrator', NULL, NULL, '2025-01-14 20:52:22', 'Super Administrator');

-- ----------------------------
-- Table structure for labtest_bill
-- ----------------------------
DROP TABLE IF EXISTS `labtest_bill`;
CREATE TABLE `labtest_bill`  (
  `id` int(11) NOT NULL AUTO_INCREMENT,
  `bill_no` varchar(10) CHARACTER SET utf8 COLLATE utf8_general_ci NOT NULL,
  `patient_id` int(11) NOT NULL,
  `referral_id` int(11) NOT NULL,
  `total` decimal(18, 2) NOT NULL DEFAULT 0.00,
  `discount` decimal(18, 2) NOT NULL DEFAULT 0.00,
  `tax_amount` decimal(18, 2) NOT NULL DEFAULT 0.00,
  `commission` decimal(18, 2) NULL DEFAULT 0.00,
  `paid` decimal(18, 2) NOT NULL DEFAULT 0.00,
  `due` decimal(18, 2) NOT NULL DEFAULT 0.00,
  `status` tinyint(1) NOT NULL,
  `date` date NULL DEFAULT NULL,
  `hash` varchar(50) CHARACTER SET utf8 COLLATE utf8_general_ci NOT NULL,
  `prepared_by` int(11) NOT NULL,
  `created_at` datetime NOT NULL DEFAULT CURRENT_TIMESTAMP,
  `updated_at` datetime NOT NULL DEFAULT CURRENT_TIMESTAMP ON UPDATE CURRENT_TIMESTAMP,
  PRIMARY KEY (`id`) USING BTREE
) ENGINE = InnoDB AUTO_INCREMENT = 1 CHARACTER SET = utf8 COLLATE = utf8_general_ci ROW_FORMAT = DYNAMIC;

-- ----------------------------
-- Records of labtest_bill
-- ----------------------------

-- ----------------------------
-- Table structure for language_list
-- ----------------------------
DROP TABLE IF EXISTS `language_list`;
CREATE TABLE `language_list`  (
  `id` int(11) NOT NULL AUTO_INCREMENT,
  `name` varchar(100) CHARACTER SET utf8 COLLATE utf8_general_ci NOT NULL,
  `lang_field` varchar(100) CHARACTER SET utf8 COLLATE utf8_general_ci NOT NULL,
  `status` varchar(11) CHARACTER SET utf8 COLLATE utf8_general_ci NOT NULL DEFAULT '1',
  `created_at` datetime NOT NULL DEFAULT CURRENT_TIMESTAMP,
  `updated_at` datetime NOT NULL DEFAULT CURRENT_TIMESTAMP ON UPDATE CURRENT_TIMESTAMP,
  PRIMARY KEY (`id`) USING BTREE
) ENGINE = InnoDB AUTO_INCREMENT = 3 CHARACTER SET = utf8 COLLATE = utf8_general_ci ROW_FORMAT = DYNAMIC;

-- ----------------------------
-- Records of language_list
-- ----------------------------
INSERT INTO `language_list` VALUES (1, 'Indonesian', 'indonesian', '1', '2018-11-15 17:36:31', '2025-01-07 21:24:08');
INSERT INTO `language_list` VALUES (2, 'English', 'english', '0', '2018-11-15 17:36:31', '2025-01-07 21:26:09');

-- ----------------------------
-- Table structure for languages
-- ----------------------------
DROP TABLE IF EXISTS `languages`;
CREATE TABLE `languages`  (
  `id` int(11) NOT NULL AUTO_INCREMENT,
  `word` varchar(100) CHARACTER SET utf8 COLLATE utf8_unicode_ci NULL DEFAULT NULL,
  `english` varchar(100) CHARACTER SET utf8 COLLATE utf8_unicode_ci NULL DEFAULT NULL,
  `indonesian` varchar(100) CHARACTER SET utf32 COLLATE utf32_unicode_ci NULL DEFAULT NULL,
  PRIMARY KEY (`id`) USING BTREE
) ENGINE = InnoDB AUTO_INCREMENT = 461 CHARACTER SET = utf32 COLLATE = utf32_unicode_ci ROW_FORMAT = DYNAMIC;

-- ----------------------------
-- Records of languages
-- ----------------------------
INSERT INTO `languages` VALUES (1, 'dashboard', 'Dashboard', '');
INSERT INTO `languages` VALUES (2, 'create', 'Create', '');
INSERT INTO `languages` VALUES (3, 'patient', 'Patient', '');
INSERT INTO `languages` VALUES (4, 'test', 'Test', '');
INSERT INTO `languages` VALUES (5, 'bill', 'Bill', '');
INSERT INTO `languages` VALUES (6, 'commission', 'Commission', '');
INSERT INTO `languages` VALUES (7, 'withdrawal', 'Withdrawal', '');
INSERT INTO `languages` VALUES (8, 'appointment', 'Appointment', '');
INSERT INTO `languages` VALUES (9, 'voucher', 'Voucher', '');
INSERT INTO `languages` VALUES (10, 'income_vs_expense', 'Income Vs Expense', '');
INSERT INTO `languages` VALUES (11, 'search', 'Search', '');
INSERT INTO `languages` VALUES (12, 'visit_home_page', 'Visit Home Page', '');
INSERT INTO `languages` VALUES (13, 'language', 'Language', '');
INSERT INTO `languages` VALUES (14, 'logout', 'Logout', '');
INSERT INTO `languages` VALUES (15, 'profile', 'Profile', '');
INSERT INTO `languages` VALUES (16, 'reset_password', 'Reset Password', '');
INSERT INTO `languages` VALUES (17, 'global', 'Global', '');
INSERT INTO `languages` VALUES (18, 'settings', 'Settings', '');
INSERT INTO `languages` VALUES (19, 'frontend', 'Frontend', '');
INSERT INTO `languages` VALUES (20, 'setting', 'Setting', '');
INSERT INTO `languages` VALUES (21, 'menu', 'Menu', '');
INSERT INTO `languages` VALUES (22, 'page', 'Page', '');
INSERT INTO `languages` VALUES (23, 'section', 'Section', '');
INSERT INTO `languages` VALUES (24, 'manage', 'Manage', '');
INSERT INTO `languages` VALUES (25, 'slider', 'Slider', '');
INSERT INTO `languages` VALUES (26, 'features', 'Features', '');
INSERT INTO `languages` VALUES (27, 'testimonial', 'Testimonial', '');
INSERT INTO `languages` VALUES (28, 'service', 'Service', '');
INSERT INTO `languages` VALUES (29, 'faq', 'Faq', '');
INSERT INTO `languages` VALUES (30, 'details', 'Details', '');
INSERT INTO `languages` VALUES (31, 'list', 'List', '');
INSERT INTO `languages` VALUES (32, 'category', 'Category', '');
INSERT INTO `languages` VALUES (33, 'login_deactivate', 'Login Deactivate', '');
INSERT INTO `languages` VALUES (34, 'inventory', 'Inventory', '');
INSERT INTO `languages` VALUES (35, 'chemical', 'Chemical', '');
INSERT INTO `languages` VALUES (36, 'supplier', 'Supplier', '');
INSERT INTO `languages` VALUES (37, 'unit', 'Unit', '');
INSERT INTO `languages` VALUES (38, 'purchase', 'Purchase', '');
INSERT INTO `languages` VALUES (39, 'stock', 'Stock', '');
INSERT INTO `languages` VALUES (40, 'reagent', 'Reagent', '');
INSERT INTO `languages` VALUES (41, 'assigned', 'Assigned', '');
INSERT INTO `languages` VALUES (42, 'reports', 'Reports', '');
INSERT INTO `languages` VALUES (43, 'report', 'Report', '');
INSERT INTO `languages` VALUES (44, 'payment', 'Payment', '');
INSERT INTO `languages` VALUES (45, 'schedule', 'Schedule', '');
INSERT INTO `languages` VALUES (46, 'add', 'Add', '');
INSERT INTO `languages` VALUES (47, 'requested_list', 'Requested List', '');
INSERT INTO `languages` VALUES (48, 'employee', 'Employee', '');
INSERT INTO `languages` VALUES (49, 'department', 'Department', '');
INSERT INTO `languages` VALUES (50, 'designation', 'Designation', '');
INSERT INTO `languages` VALUES (51, 'hrm', 'Human Resource', '');
INSERT INTO `languages` VALUES (52, 'payroll', 'Payroll', '');
INSERT INTO `languages` VALUES (53, 'salary', 'Salary', '');
INSERT INTO `languages` VALUES (54, 'template', 'Template', '');
INSERT INTO `languages` VALUES (55, 'assign', 'Assign', '');
INSERT INTO `languages` VALUES (56, 'summary', 'Summary', '');
INSERT INTO `languages` VALUES (57, 'leaves', 'Leaves', '');
INSERT INTO `languages` VALUES (58, 'my_leave', 'My Leave', '');
INSERT INTO `languages` VALUES (59, 'leave_manage', 'Leave Manage', '');
INSERT INTO `languages` VALUES (60, 'attendance', 'Attendance', '');
INSERT INTO `languages` VALUES (61, 'set', 'Set', '');
INSERT INTO `languages` VALUES (62, 'pathology', 'Pathology', '');
INSERT INTO `languages` VALUES (63, 'lab', 'Lab', '');
INSERT INTO `languages` VALUES (64, 'refer_manager', 'Refer Manager', '');
INSERT INTO `languages` VALUES (65, 'referral', 'Referral', '');
INSERT INTO `languages` VALUES (66, 'my_commission', 'My Commission', '');
INSERT INTO `languages` VALUES (67, 'statement', 'Statement', '');
INSERT INTO `languages` VALUES (68, 'payout', 'Payout', '');
INSERT INTO `languages` VALUES (69, 'office_accounting', 'Office Accounting', '');
INSERT INTO `languages` VALUES (70, 'account', 'Account', '');
INSERT INTO `languages` VALUES (71, 'head', 'Head', '');
INSERT INTO `languages` VALUES (72, 'income', 'Income', '');
INSERT INTO `languages` VALUES (73, 'repots', 'Repots', '');
INSERT INTO `languages` VALUES (74, 'expense', 'Expense', '');
INSERT INTO `languages` VALUES (75, 'transitions', 'Transitions', '');
INSERT INTO `languages` VALUES (76, 'balance', 'Balance', '');
INSERT INTO `languages` VALUES (77, 'sheet', 'Sheet', '');
INSERT INTO `languages` VALUES (78, 'billing', 'Billing', '');
INSERT INTO `languages` VALUES (79, 'due', 'Due', '');
INSERT INTO `languages` VALUES (80, 'paid', 'Paid', '');
INSERT INTO `languages` VALUES (81, 'collect', 'Collect', '');
INSERT INTO `languages` VALUES (82, 'investigation', 'Investigation', '');
INSERT INTO `languages` VALUES (83, 'sms', 'Sms', '');
INSERT INTO `languages` VALUES (84, 'email', 'Email', '');
INSERT INTO `languages` VALUES (85, 'role', 'Role', '');
INSERT INTO `languages` VALUES (86, 'permission', 'Permission', '');
INSERT INTO `languages` VALUES (87, 'database', 'Database', '');
INSERT INTO `languages` VALUES (88, 'backup', 'Backup', '');
INSERT INTO `languages` VALUES (89, 'invoice', 'Invoice', '');
INSERT INTO `languages` VALUES (90, 'today_total', 'Today Total', '');
INSERT INTO `languages` VALUES (91, 'annual', 'Annual', '');
INSERT INTO `languages` VALUES (92, 'total_strength', 'Total Strength', '');
INSERT INTO `languages` VALUES (93, 'doctor', 'Doctor', '');
INSERT INTO `languages` VALUES (94, 'pending', 'Pending', '');
INSERT INTO `languages` VALUES (95, 'request', 'Request', '');
INSERT INTO `languages` VALUES (96, 'fees', 'Fees', '');
INSERT INTO `languages` VALUES (97, 'net', 'Net', '');
INSERT INTO `languages` VALUES (98, 'payable', 'Payable', '');
INSERT INTO `languages` VALUES (99, 'total', 'Total', '');
INSERT INTO `languages` VALUES (100, 'this_value_is_required', 'This Value Is Required', '');
INSERT INTO `languages` VALUES (101, 'enter_valid_email', 'Enter Valid Email', '');
INSERT INTO `languages` VALUES (102, 'are_you_sure', 'Are You Sure', '');
INSERT INTO `languages` VALUES (103, 'delete_this_information', 'Delete This Information', '');
INSERT INTO `languages` VALUES (104, 'yes_continue', 'Yes Continue', '');
INSERT INTO `languages` VALUES (105, 'cancel', 'Cancel', '');
INSERT INTO `languages` VALUES (106, 'deleted_note', '*Note : This Data Will Be Permanently Deleted', '');
INSERT INTO `languages` VALUES (107, 'deleted', 'Deleted', '');
INSERT INTO `languages` VALUES (108, 'information_deleted', 'Information Deleted', '');
INSERT INTO `languages` VALUES (109, 'website', 'Website', '');
INSERT INTO `languages` VALUES (110, 'application', 'Application', '');
INSERT INTO `languages` VALUES (111, 'name', 'Name', '');
INSERT INTO `languages` VALUES (112, 'receive_email_to', 'Receive Email To', '');
INSERT INTO `languages` VALUES (113, 'captcha_status', 'Captcha Status', '');
INSERT INTO `languages` VALUES (114, 'select', 'Select', '');
INSERT INTO `languages` VALUES (115, 'disable', 'Disable', '');
INSERT INTO `languages` VALUES (116, 'enable', 'Enable', '');
INSERT INTO `languages` VALUES (117, 'recaptcha_site_key', 'Recaptcha Site Key', '');
INSERT INTO `languages` VALUES (118, 'recaptcha_secret_key', 'Recaptcha Secret Key', '');
INSERT INTO `languages` VALUES (119, 'working_hours', 'Working Hours', '');
INSERT INTO `languages` VALUES (120, 'logo', 'Logo', '');
INSERT INTO `languages` VALUES (121, 'fav_icon', 'Fav Icon', '');
INSERT INTO `languages` VALUES (122, 'address', 'Address', '');
INSERT INTO `languages` VALUES (123, 'mobile_no', 'Mobile No', '');
INSERT INTO `languages` VALUES (124, 'fax', 'Fax', '');
INSERT INTO `languages` VALUES (125, 'footer_text', 'Footer Text', '');
INSERT INTO `languages` VALUES (126, 'facebook_url', 'Facebook Url', '');
INSERT INTO `languages` VALUES (127, 'twitter_url', 'Twitter Url', '');
INSERT INTO `languages` VALUES (128, 'youtube_url', 'Youtube Url', '');
INSERT INTO `languages` VALUES (129, 'google_plus', 'Google Plus', '');
INSERT INTO `languages` VALUES (130, 'linkedin_url', 'Linkedin Url', '');
INSERT INTO `languages` VALUES (131, 'pinterest_url', 'Pinterest Url', '');
INSERT INTO `languages` VALUES (132, 'instagram_url', 'Instagram Url', '');
INSERT INTO `languages` VALUES (133, 'save', 'Save', '');
INSERT INTO `languages` VALUES (134, 'website_page', 'Website Page', '');
INSERT INTO `languages` VALUES (135, 'welcome', 'Welcome', '');
INSERT INTO `languages` VALUES (136, 'message', 'Message', '');
INSERT INTO `languages` VALUES (137, 'doctors', 'Doctors', '');
INSERT INTO `languages` VALUES (138, 'services', 'Services', '');
INSERT INTO `languages` VALUES (139, 'call_to_action_section', 'Call To Action Section', '');
INSERT INTO `languages` VALUES (140, 'options', 'Options', '');
INSERT INTO `languages` VALUES (141, 'title', 'Title', '');
INSERT INTO `languages` VALUES (142, 'subtitle', 'Subtitle', '');
INSERT INTO `languages` VALUES (143, 'description', 'Description', '');
INSERT INTO `languages` VALUES (144, 'photo', 'Photo', '');
INSERT INTO `languages` VALUES (145, 'cta', 'Cta', '');
INSERT INTO `languages` VALUES (146, 'button_text', 'Button Text', '');
INSERT INTO `languages` VALUES (147, 'button_url', 'Button Url', '');
INSERT INTO `languages` VALUES (148, '_title', ' Title', '');
INSERT INTO `languages` VALUES (149, 'meta', 'Meta', '');
INSERT INTO `languages` VALUES (150, 'keyword', 'Keyword', '');
INSERT INTO `languages` VALUES (151, 'banner_photo', 'Banner Photo', '');
INSERT INTO `languages` VALUES (152, 'about', 'About', '');
INSERT INTO `languages` VALUES (153, 'content', 'Content', '');
INSERT INTO `languages` VALUES (154, 'about_photo', 'About Photo', '');
INSERT INTO `languages` VALUES (155, 'parallax_photo', 'Parallax Photo', '');
INSERT INTO `languages` VALUES (156, 'sl', 'Sl', '');
INSERT INTO `languages` VALUES (157, 'url', 'Url', '');
INSERT INTO `languages` VALUES (158, 'action', 'Action', '');
INSERT INTO `languages` VALUES (159, 'my_appointment', 'My Appointment', '');
INSERT INTO `languages` VALUES (160, 'appointment_status', 'Appointment Status', '');
INSERT INTO `languages` VALUES (161, 'date', 'Date', '');
INSERT INTO `languages` VALUES (162, 'time_slot', 'Time Slot', '');
INSERT INTO `languages` VALUES (163, 'consultation_fees', 'Consultation Fees', '');
INSERT INTO `languages` VALUES (164, 'discount', 'Discount', '');
INSERT INTO `languages` VALUES (165, 'remarks', 'Remarks', '');
INSERT INTO `languages` VALUES (166, 'exploring', 'Exploring', '');
INSERT INTO `languages` VALUES (167, 'no_schedule_found', 'No Schedule Found', '');
INSERT INTO `languages` VALUES (168, 'information_has_been_saved_successfully', 'Information Has Been Saved Successfully', '');
INSERT INTO `languages` VALUES (169, 'id', 'Id', '');
INSERT INTO `languages` VALUES (170, 'consultation', 'Consultation', '');
INSERT INTO `languages` VALUES (171, 'serial', 'Serial', '');
INSERT INTO `languages` VALUES (172, 'status', 'Status', '');
INSERT INTO `languages` VALUES (173, 'confirmed', 'Confirmed', '');
INSERT INTO `languages` VALUES (174, 'available', 'Available', '');
INSERT INTO `languages` VALUES (175, 'staff_id', 'Staff Id', '');
INSERT INTO `languages` VALUES (176, 'general', 'General', '');
INSERT INTO `languages` VALUES (177, 'theme', 'Theme', '');
INSERT INTO `languages` VALUES (178, 'institute_name', 'Institute Name', '');
INSERT INTO `languages` VALUES (179, 'currency', 'Currency', '');
INSERT INTO `languages` VALUES (180, 'currency_symbol', 'Currency Symbol', '');
INSERT INTO `languages` VALUES (181, 'timezone', 'Timezone', '');
INSERT INTO `languages` VALUES (182, 'date_format', 'Date Format', '');
INSERT INTO `languages` VALUES (183, 'system_logo', 'System Logo', '');
INSERT INTO `languages` VALUES (184, 'text_logo', 'Text Logo', '');
INSERT INTO `languages` VALUES (185, 'upload', 'Upload', '');
INSERT INTO `languages` VALUES (186, 'select_ground', 'Select Ground', '');
INSERT INTO `languages` VALUES (187, 'filter', 'Filter', '');
INSERT INTO `languages` VALUES (188, 'bill_no', 'Bill No', '');
INSERT INTO `languages` VALUES (189, 'delivery', 'Delivery', '');
INSERT INTO `languages` VALUES (190, 'lab_test', 'Lab Test', '');
INSERT INTO `languages` VALUES (191, 'edit', 'Edit', '');
INSERT INTO `languages` VALUES (192, 'code', 'Code', '');
INSERT INTO `languages` VALUES (193, 'purchase_unit', 'Purchase Unit', '');
INSERT INTO `languages` VALUES (194, 'sale_unit', 'Sale Unit', '');
INSERT INTO `languages` VALUES (195, 'unit_ratio', 'Unit Ratio', '');
INSERT INTO `languages` VALUES (196, 'purchase_price', 'Purchase Price', '');
INSERT INTO `languages` VALUES (197, 'sales_price', 'Sales Price', '');
INSERT INTO `languages` VALUES (198, 'all_select', 'All Select', '');
INSERT INTO `languages` VALUES (199, 'unpaid', 'Unpaid', '');
INSERT INTO `languages` VALUES (200, 'partly_paid', 'Partly Paid', '');
INSERT INTO `languages` VALUES (201, 'total_paid', 'Total Paid', '');
INSERT INTO `languages` VALUES (202, 'type', 'Type', '');
INSERT INTO `languages` VALUES (203, 'ref_no', 'Ref No', '');
INSERT INTO `languages` VALUES (204, 'pay_via', 'Pay Via', '');
INSERT INTO `languages` VALUES (205, 'amount', 'Amount', '');
INSERT INTO `languages` VALUES (206, 'dr', 'Dr', '');
INSERT INTO `languages` VALUES (207, 'cr', 'Cr', '');
INSERT INTO `languages` VALUES (208, 'ref', 'Ref', '');
INSERT INTO `languages` VALUES (209, 'attachment', 'Attachment', '');
INSERT INTO `languages` VALUES (210, 'login', 'Login', '');
INSERT INTO `languages` VALUES (211, 'welcome_to', 'Welcome To', '');
INSERT INTO `languages` VALUES (212, 'username', 'Username', '');
INSERT INTO `languages` VALUES (213, 'password', 'Password', '');
INSERT INTO `languages` VALUES (214, 'remember', 'Remember', '');
INSERT INTO `languages` VALUES (215, 'lose_your_password', 'Lose Your Password', '');
INSERT INTO `languages` VALUES (216, 'position', 'Position', '');
INSERT INTO `languages` VALUES (217, 'publish', 'Publish', '');
INSERT INTO `languages` VALUES (218, 'target_new_window', 'Target New Window', '');
INSERT INTO `languages` VALUES (219, 'external_url', 'External Url', '');
INSERT INTO `languages` VALUES (220, 'external_link', 'External Link', '');
INSERT INTO `languages` VALUES (221, 'successfully', 'Successfully', '');
INSERT INTO `languages` VALUES (222, 'access_denied', 'Access Denied', '');
INSERT INTO `languages` VALUES (223, 'username_has_already_been_used', 'Username Has Already Been Used', '');
INSERT INTO `languages` VALUES (224, 'week_day', 'Week Day', '');
INSERT INTO `languages` VALUES (225, 'time_start', 'Time Start', '');
INSERT INTO `languages` VALUES (226, 'time_end', 'Time End', '');
INSERT INTO `languages` VALUES (227, 'per_patient_duration', 'Per Patient Duration', '');
INSERT INTO `languages` VALUES (228, 'make_closed', 'Make Closed', '');
INSERT INTO `languages` VALUES (229, 'the_consultation_completed', 'The Consultation Completed', '');
INSERT INTO `languages` VALUES (230, 'done', 'Done', '');
INSERT INTO `languages` VALUES (231, 'the_consultation_has_been_closed', 'The Consultation Has Been Closed', '');
INSERT INTO `languages` VALUES (232, 'requested', 'Requested', '');
INSERT INTO `languages` VALUES (233, 'create_at', 'Create At', '');
INSERT INTO `languages` VALUES (234, 'canceled', 'Canceled', '');
INSERT INTO `languages` VALUES (235, 'apply', 'Apply', '');
INSERT INTO `languages` VALUES (236, 'close', 'Close', '');
INSERT INTO `languages` VALUES (237, 'information_has_been_updated_successfully', 'Information Has Been Updated Successfully', '');
INSERT INTO `languages` VALUES (238, 'birthday', 'Birthday', '');
INSERT INTO `languages` VALUES (239, 'joining_date', 'Joining Date', '');
INSERT INTO `languages` VALUES (240, 'basic_details', 'Basic Details', '');
INSERT INTO `languages` VALUES (241, 'gender', 'Gender', '');
INSERT INTO `languages` VALUES (242, 'male', 'Male', '');
INSERT INTO `languages` VALUES (243, 'female', 'Female', '');
INSERT INTO `languages` VALUES (244, 'religion', 'Religion', '');
INSERT INTO `languages` VALUES (245, 'blood_group', 'Blood Group', '');
INSERT INTO `languages` VALUES (246, 'marital_status', 'Marital Status', '');
INSERT INTO `languages` VALUES (247, 'single', 'Single', '');
INSERT INTO `languages` VALUES (248, 'married', 'Married', '');
INSERT INTO `languages` VALUES (249, 'profile_picture', 'Profile Picture', '');
INSERT INTO `languages` VALUES (250, 'login_details', 'Login Details', '');
INSERT INTO `languages` VALUES (251, 'office_details', 'Office Details', '');
INSERT INTO `languages` VALUES (252, 'qualification', 'Qualification', '');
INSERT INTO `languages` VALUES (253, 'social_links', 'Social Links', '');
INSERT INTO `languages` VALUES (254, 'update', 'Update', '');
INSERT INTO `languages` VALUES (255, 'patient_id', 'Patient Id', '');
INSERT INTO `languages` VALUES (256, 'guardian', 'Guardian', '');
INSERT INTO `languages` VALUES (257, 'authentication', 'Authentication', '');
INSERT INTO `languages` VALUES (258, 'basic', 'Basic', '');
INSERT INTO `languages` VALUES (259, 'age', 'Age', '');
INSERT INTO `languages` VALUES (260, 'blood_pressure', 'Blood Pressure', '');
INSERT INTO `languages` VALUES (261, 'height', 'Height', '');
INSERT INTO `languages` VALUES (262, 'weight', 'Weight', '');
INSERT INTO `languages` VALUES (263, 'emergency_contact', 'Emergency Contact', '');
INSERT INTO `languages` VALUES (264, 'relationship', 'Relationship', '');
INSERT INTO `languages` VALUES (265, 'history', 'History', '');
INSERT INTO `languages` VALUES (266, 'completed', 'Completed', '');
INSERT INTO `languages` VALUES (267, 'undelivered', 'Undelivered', '');
INSERT INTO `languages` VALUES (268, 'login_authentication_deactivate', 'Login Authentication Deactivate', '');
INSERT INTO `languages` VALUES (269, 'deactivate_account', 'Deactivate Account', '');
INSERT INTO `languages` VALUES (270, 'authentication_activate', 'Authentication Activate', '');
INSERT INTO `languages` VALUES (271, 'referred_by', 'Referred By', '');
INSERT INTO `languages` VALUES (272, 'time', 'Time', '');
INSERT INTO `languages` VALUES (273, 'price', 'Price', '');
INSERT INTO `languages` VALUES (274, 'add_rows', 'Add Rows', '');
INSERT INTO `languages` VALUES (275, 'sub_total', 'Sub Total', '');
INSERT INTO `languages` VALUES (276, 'tax', 'Tax', '');
INSERT INTO `languages` VALUES (277, 'received', 'Received', '');
INSERT INTO `languages` VALUES (278, 'enter_payment_amount', 'Enter Payment Amount', '');
INSERT INTO `languages` VALUES (279, 'write_your_remarks', 'Write Your Remarks', '');
INSERT INTO `languages` VALUES (280, 'roles', 'Roles', '');
INSERT INTO `languages` VALUES (281, 'system_role', 'System Role', '');
INSERT INTO `languages` VALUES (282, 'yes', 'Yes', '');
INSERT INTO `languages` VALUES (283, 'role_permission_for', 'Role Permission For', '');
INSERT INTO `languages` VALUES (284, 'feature', 'Feature', '');
INSERT INTO `languages` VALUES (285, 'view', 'View', '');
INSERT INTO `languages` VALUES (286, 'delete', 'Delete', '');
INSERT INTO `languages` VALUES (287, 'ordered', 'Ordered', '');
INSERT INTO `languages` VALUES (288, 'quantity', 'Quantity', '');
INSERT INTO `languages` VALUES (289, 'net_total', 'Net Total', '');
INSERT INTO `languages` VALUES (290, 'bill_view', 'Bill View', '');
INSERT INTO `languages` VALUES (291, 'add_payment', 'Add Payment', '');
INSERT INTO `languages` VALUES (292, 'to', 'To', '');
INSERT INTO `languages` VALUES (293, 'company', 'Company', '');
INSERT INTO `languages` VALUES (294, 'sub', 'Sub', '');
INSERT INTO `languages` VALUES (295, 'paid_amount', 'Paid Amount', '');
INSERT INTO `languages` VALUES (296, 'prepared_by', 'Prepared By', '');
INSERT INTO `languages` VALUES (297, 'authorised_by', 'Authorised By', '');
INSERT INTO `languages` VALUES (298, 'print', 'Print', '');
INSERT INTO `languages` VALUES (299, 'paid_on', 'Paid On', '');
INSERT INTO `languages` VALUES (300, 'attach_document', 'Attach Document', '');
INSERT INTO `languages` VALUES (301, 'the_configuration_has_been_updated', 'The Configuration Has Been Updated', '');
INSERT INTO `languages` VALUES (302, 'retype_password', 'Retype Password', '');
INSERT INTO `languages` VALUES (303, 'contact_number', 'Contact Number', '');
INSERT INTO `languages` VALUES (304, 'company_name', 'Company Name', '');
INSERT INTO `languages` VALUES (305, 'product', 'Product', '');
INSERT INTO `languages` VALUES (306, 'stock_by', 'Stock By', '');
INSERT INTO `languages` VALUES (307, 'inovice_no', 'Inovice No', '');
INSERT INTO `languages` VALUES (308, 'sales_unit', 'Sales Unit', '');
INSERT INTO `languages` VALUES (309, 'for', 'For', '');
INSERT INTO `languages` VALUES (310, 'select_multiple_chemical', 'Select Multiple Chemical', '');
INSERT INTO `languages` VALUES (311, 'payment_history', 'Payment History', '');
INSERT INTO `languages` VALUES (312, 'sex', 'Sex', '');
INSERT INTO `languages` VALUES (313, 'from', 'From', '');
INSERT INTO `languages` VALUES (314, 'net_payable', 'Net Payable', '');
INSERT INTO `languages` VALUES (315, 'collect_by', 'Collect By', '');
INSERT INTO `languages` VALUES (316, 'unpublished_on_website', 'Unpublished On Website', '');
INSERT INTO `languages` VALUES (317, 'published_on_website', 'Published On Website', '');
INSERT INTO `languages` VALUES (318, 'grade', 'Grade', '');
INSERT INTO `languages` VALUES (319, 'overtime', 'Overtime', '');
INSERT INTO `languages` VALUES (320, 'allowances', 'Allowances', '');
INSERT INTO `languages` VALUES (321, 'name_of_allowance', 'Name Of Allowance', '');
INSERT INTO `languages` VALUES (322, 'deductions', 'Deductions', '');
INSERT INTO `languages` VALUES (323, 'name_of_deductions', 'Name Of Deductions', '');
INSERT INTO `languages` VALUES (324, 'allowance', 'Allowance', '');
INSERT INTO `languages` VALUES (325, 'deduction', 'Deduction', '');
INSERT INTO `languages` VALUES (326, 'salary_details', 'Salary Details', '');
INSERT INTO `languages` VALUES (327, 'no_information_available', 'No Information Available', '');
INSERT INTO `languages` VALUES (328, 'transactions', 'Transactions', '');
INSERT INTO `languages` VALUES (329, 'sms_config', 'Sms Config', '');
INSERT INTO `languages` VALUES (330, 'sms_template', 'Sms Template', '');
INSERT INTO `languages` VALUES (331, 'select_a_sms_service', 'Select A Sms Service', '');
INSERT INTO `languages` VALUES (332, 'disabled', 'Disabled', '');
INSERT INTO `languages` VALUES (333, 'clickatell_username', 'Clickatell Username', '');
INSERT INTO `languages` VALUES (334, 'clickatell_password', 'Clickatell Password', '');
INSERT INTO `languages` VALUES (335, 'clickatell_api_key', 'Clickatell Api Key', '');
INSERT INTO `languages` VALUES (336, 'registered_number', 'Registered Number', '');
INSERT INTO `languages` VALUES (337, 'account_sid', 'Account Sid', '');
INSERT INTO `languages` VALUES (338, 'auth_token', 'Auth Token', '');
INSERT INTO `languages` VALUES (339, 'account_registered', 'Account Registered', '');
INSERT INTO `languages` VALUES (340, 'notify_enable', 'Notify Enable', '');
INSERT INTO `languages` VALUES (341, 'body', 'Body', '');
INSERT INTO `languages` VALUES (342, 'appointment_confirmation', 'Appointment Confirmation', '');
INSERT INTO `languages` VALUES (343, 'appointment_canceled', 'Appointment Canceled', '');
INSERT INTO `languages` VALUES (344, 'appointment_request', 'Appointment Request', '');
INSERT INTO `languages` VALUES (345, 'reporting', 'Reporting', '');
INSERT INTO `languages` VALUES (346, 'button_text_1', 'Button Text 1', '');
INSERT INTO `languages` VALUES (347, 'button_url_1', 'Button Url 1', '');
INSERT INTO `languages` VALUES (348, 'button_text_2', 'Button Text 2', '');
INSERT INTO `languages` VALUES (349, 'button_url_2', 'Button Url 2', '');
INSERT INTO `languages` VALUES (350, 'left', 'Left', '');
INSERT INTO `languages` VALUES (351, 'center', 'Center', '');
INSERT INTO `languages` VALUES (352, 'right', 'Right', '');
INSERT INTO `languages` VALUES (353, 'icon', 'Icon', '');
INSERT INTO `languages` VALUES (354, 'surname', 'Surname', '');
INSERT INTO `languages` VALUES (355, 'rank', 'Rank', '');
INSERT INTO `languages` VALUES (356, 'staff', 'Staff', '');
INSERT INTO `languages` VALUES (357, 'paid_by', 'Paid By', '');
INSERT INTO `languages` VALUES (358, 'user', 'User', '');
INSERT INTO `languages` VALUES (359, 'payslip', 'Payslip', '');
INSERT INTO `languages` VALUES (360, 'add_employee', 'Add Employee', '');
INSERT INTO `languages` VALUES (361, 'bank_details', 'Bank Details', '');
INSERT INTO `languages` VALUES (362, 'skipped_bank_details', 'Skipped Bank Details', '');
INSERT INTO `languages` VALUES (363, 'bank_name', 'Bank Name', '');
INSERT INTO `languages` VALUES (364, 'holder_name', 'Holder Name', '');
INSERT INTO `languages` VALUES (365, 'bank', 'Bank', '');
INSERT INTO `languages` VALUES (366, 'branch', 'Branch', '');
INSERT INTO `languages` VALUES (367, 'ifsc_code', 'Ifsc Code', '');
INSERT INTO `languages` VALUES (368, 'account_no', 'Account No', '');
INSERT INTO `languages` VALUES (369, 'restore', 'Restore', '');
INSERT INTO `languages` VALUES (370, 'create_backup', 'Create Backup', '');
INSERT INTO `languages` VALUES (371, 'file', 'File', '');
INSERT INTO `languages` VALUES (372, 'backup_size', 'Backup Size', '');
INSERT INTO `languages` VALUES (373, 'file_upload', 'File Upload', '');
INSERT INTO `languages` VALUES (374, 'flag', 'Flag', '');
INSERT INTO `languages` VALUES (375, 'stats', 'Stats', '');
INSERT INTO `languages` VALUES (376, 'created_at', 'Created At', '');
INSERT INTO `languages` VALUES (377, 'updated_at', 'Updated At', '');
INSERT INTO `languages` VALUES (378, 'edit_word', 'Edit Word', '');
INSERT INTO `languages` VALUES (379, 'flag_icon', 'Flag Icon', '');
INSERT INTO `languages` VALUES (380, 'language_unpublished', 'Language Unpublished', '');
INSERT INTO `languages` VALUES (381, 'language_published', 'Language Published', '');
INSERT INTO `languages` VALUES (382, 'transaction', 'Transaction', '');
INSERT INTO `languages` VALUES (383, 'month_of_salary', 'Month Of Salary', '');
INSERT INTO `languages` VALUES (384, 'basic_salary', 'Basic Salary', '');
INSERT INTO `languages` VALUES (385, 'payment_type', 'Payment Type', '');
INSERT INTO `languages` VALUES (386, 'bank_account', 'Bank Account', '');
INSERT INTO `languages` VALUES (387, 'actions', 'Actions', '');
INSERT INTO `languages` VALUES (388, 'document', 'Document', '');
INSERT INTO `languages` VALUES (389, 'download', 'Download', '');
INSERT INTO `languages` VALUES (390, 'opening_balance', 'Opening Balance', '');
INSERT INTO `languages` VALUES (391, 'total_dr', 'Total Dr', '');
INSERT INTO `languages` VALUES (392, 'total_cr', 'Total Cr', '');
INSERT INTO `languages` VALUES (393, 'contact', 'Contact', '');
INSERT INTO `languages` VALUES (394, 'box_title', 'Box Title', '');
INSERT INTO `languages` VALUES (395, 'box_description', 'Box Description', '');
INSERT INTO `languages` VALUES (396, 'box_photo', 'Box Photo', '');
INSERT INTO `languages` VALUES (397, 'form_title', 'Form Title', '');
INSERT INTO `languages` VALUES (398, 'phone', 'Phone', '');
INSERT INTO `languages` VALUES (399, 'submit_button_text', 'Submit Button Text', '');
INSERT INTO `languages` VALUES (400, 'map_iframe', 'Map Iframe', '');
INSERT INTO `languages` VALUES (401, 'system_name', 'System Name', '');
INSERT INTO `languages` VALUES (402, 'month', 'Month', '');
INSERT INTO `languages` VALUES (403, 'patient_price', 'Patient Price', '');
INSERT INTO `languages` VALUES (404, 'production_cost', 'Production Cost', '');
INSERT INTO `languages` VALUES (405, 'created_by', 'Created By', '');
INSERT INTO `languages` VALUES (406, 'test_category', 'Test Category', '');
INSERT INTO `languages` VALUES (407, 'test_name', 'Test Name', '');
INSERT INTO `languages` VALUES (408, 'test_code', 'Test Code', '');
INSERT INTO `languages` VALUES (409, 'staff_name', 'Staff Name', '');
INSERT INTO `languages` VALUES (410, 'percentage', 'Percentage', '');
INSERT INTO `languages` VALUES (411, 'salary_assign', 'Salary Assign', '');
INSERT INTO `languages` VALUES (412, 'pay_now', 'Pay Now', '');
INSERT INTO `languages` VALUES (413, 'overtime_total_hour', 'Overtime Total Hour', '');
INSERT INTO `languages` VALUES (414, 'overtime_amount', 'Overtime Amount', '');
INSERT INTO `languages` VALUES (415, 'leave_category', 'Leave Category', '');
INSERT INTO `languages` VALUES (416, 'days', 'Days', '');
INSERT INTO `languages` VALUES (417, 'leave', 'Leave', '');
INSERT INTO `languages` VALUES (418, 'date_of_start', 'Date Of Start', '');
INSERT INTO `languages` VALUES (419, 'date_of_end', 'Date Of End', '');
INSERT INTO `languages` VALUES (420, 'leave_type', 'Leave Type', '');
INSERT INTO `languages` VALUES (421, 'reason', 'Reason', '');
INSERT INTO `languages` VALUES (422, 'comments', 'Comments', '');
INSERT INTO `languages` VALUES (423, 'accepted', 'Accepted', '');
INSERT INTO `languages` VALUES (424, 'start_date', 'Start Date', '');
INSERT INTO `languages` VALUES (425, 'end_date', 'End Date', '');
INSERT INTO `languages` VALUES (426, 'approved', 'Approved', '');
INSERT INTO `languages` VALUES (427, 'reject', 'Reject', '');
INSERT INTO `languages` VALUES (428, 'select_all', 'Select All', '');
INSERT INTO `languages` VALUES (429, 'not_selected', 'Not Selected', '');
INSERT INTO `languages` VALUES (430, 'present', 'Present', '');
INSERT INTO `languages` VALUES (431, 'absent', 'Absent', '');
INSERT INTO `languages` VALUES (432, 'holiday', 'Holiday', '');
INSERT INTO `languages` VALUES (433, 'late', 'Late', '');
INSERT INTO `languages` VALUES (434, 'current_balance', 'Current Balance', '');
INSERT INTO `languages` VALUES (435, 'no', 'No', '');
INSERT INTO `languages` VALUES (436, 'current', 'Current', '');
INSERT INTO `languages` VALUES (437, 'qty', 'Qty', '');
INSERT INTO `languages` VALUES (438, 'payment_successfull', 'Payment Successfull', '');
INSERT INTO `languages` VALUES (439, 'payment_by', 'Payment By', '');
INSERT INTO `languages` VALUES (440, 'chemical_wise_stock', 'Chemical Wise Stock', '');
INSERT INTO `languages` VALUES (441, 'sale', 'Sale', '');
INSERT INTO `languages` VALUES (442, 'in_qty', 'In Qty', '');
INSERT INTO `languages` VALUES (443, 'out_qty', 'Out Qty', '');
INSERT INTO `languages` VALUES (444, 'sale_profit', 'Sale Profit', '');
INSERT INTO `languages` VALUES (445, 'paid_via', 'Paid Via', '');
INSERT INTO `languages` VALUES (446, 'collected_by', 'Collected By', '');
INSERT INTO `languages` VALUES (447, 'all', 'All', '');
INSERT INTO `languages` VALUES (448, 'add_short_bio', 'Add Short Bio', '');
INSERT INTO `languages` VALUES (449, 'email_config', 'Email Config', '');
INSERT INTO `languages` VALUES (450, 'email_triggers', 'Email Triggers', '');
INSERT INTO `languages` VALUES (451, 'system_email', 'System Email', '');
INSERT INTO `languages` VALUES (452, 'subject', 'Subject', '');
INSERT INTO `languages` VALUES (453, 'forgot_password', 'Forgot Password', '');
INSERT INTO `languages` VALUES (454, 'payslip_generated', 'Payslip Generated', '');
INSERT INTO `languages` VALUES (455, 'leave_approve', 'Leave Approve', '');
INSERT INTO `languages` VALUES (456, 'leave_reject', 'Leave Reject', '');
INSERT INTO `languages` VALUES (457, 'word', 'Word', '');
INSERT INTO `languages` VALUES (458, 'translations', 'Translations', '');
INSERT INTO `languages` VALUES (459, 'rename', 'Rename', '');
INSERT INTO `languages` VALUES (460, 'contract', 'Contract', NULL);

-- ----------------------------
-- Table structure for login_credential
-- ----------------------------
DROP TABLE IF EXISTS `login_credential`;
CREATE TABLE `login_credential`  (
  `id` int(11) NOT NULL AUTO_INCREMENT,
  `user_id` int(11) NOT NULL,
  `username` varchar(100) CHARACTER SET utf8 COLLATE utf8_general_ci NOT NULL,
  `password` varchar(250) CHARACTER SET utf8 COLLATE utf8_general_ci NOT NULL,
  `role` int(11) NOT NULL,
  `active` int(11) NOT NULL COMMENT '1(active) 0(deactivate)',
  `last_login` datetime NULL DEFAULT NULL,
  `created_at` datetime NOT NULL DEFAULT CURRENT_TIMESTAMP,
  `updated_at` datetime NOT NULL DEFAULT CURRENT_TIMESTAMP ON UPDATE CURRENT_TIMESTAMP,
  PRIMARY KEY (`id`) USING BTREE
) ENGINE = InnoDB AUTO_INCREMENT = 2 CHARACTER SET = utf8 COLLATE = utf8_general_ci ROW_FORMAT = DYNAMIC;

-- ----------------------------
-- Records of login_credential
-- ----------------------------
INSERT INTO `login_credential` VALUES (1, 1, 'superadmin', '$2y$10$eodoovVqBoURRWyThnGAJOFTHm.1K9yrdOU3JSC0bmgN1eiIoaIVW', 1, 1, '2025-02-05 15:48:25', '2025-01-03 02:48:02', '2025-02-05 15:48:25');

-- ----------------------------
-- Table structure for patient
-- ----------------------------
DROP TABLE IF EXISTS `patient`;
CREATE TABLE `patient`  (
  `id` int(11) NOT NULL AUTO_INCREMENT,
  `name` varchar(255) CHARACTER SET utf8 COLLATE utf8_general_ci NOT NULL,
  `patient_id` varchar(10) CHARACTER SET utf8 COLLATE utf8_general_ci NOT NULL,
  `category_id` int(11) NOT NULL,
  `birthday` date NOT NULL,
  `sex` varchar(10) CHARACTER SET utf8 COLLATE utf8_general_ci NOT NULL,
  `blood_group` varchar(10) CHARACTER SET utf8 COLLATE utf8_general_ci NOT NULL,
  `blood_pressure` varchar(100) CHARACTER SET utf8 COLLATE utf8_general_ci NOT NULL,
  `height` varchar(10) CHARACTER SET utf8 COLLATE utf8_general_ci NOT NULL,
  `weight` varchar(10) CHARACTER SET utf8 COLLATE utf8_general_ci NOT NULL,
  `marital_status` varchar(10) CHARACTER SET utf8 COLLATE utf8_general_ci NOT NULL,
  `age` varchar(10) CHARACTER SET utf8 COLLATE utf8_general_ci NULL DEFAULT NULL,
  `address` text CHARACTER SET utf8 COLLATE utf8_general_ci NOT NULL,
  `mobileno` varchar(30) CHARACTER SET utf8 COLLATE utf8_general_ci NOT NULL,
  `email` varchar(200) CHARACTER SET utf8 COLLATE utf8_general_ci NOT NULL,
  `photo` varchar(255) CHARACTER SET utf8 COLLATE utf8_general_ci NULL DEFAULT NULL,
  `guardian` varchar(200) CHARACTER SET utf8 COLLATE utf8_general_ci NOT NULL,
  `relationship` varchar(200) CHARACTER SET utf8 COLLATE utf8_general_ci NOT NULL,
  `gua_mobileno` varchar(30) CHARACTER SET utf8 COLLATE utf8_general_ci NOT NULL,
  `source` tinyint(1) NOT NULL DEFAULT 1,
  `created_at` datetime NOT NULL DEFAULT CURRENT_TIMESTAMP,
  `updated_at` datetime NULL DEFAULT CURRENT_TIMESTAMP ON UPDATE CURRENT_TIMESTAMP,
  PRIMARY KEY (`id`) USING BTREE
) ENGINE = InnoDB AUTO_INCREMENT = 1 CHARACTER SET = utf8 COLLATE = utf8_general_ci ROW_FORMAT = DYNAMIC;

-- ----------------------------
-- Records of patient
-- ----------------------------

-- ----------------------------
-- Table structure for permission
-- ----------------------------
DROP TABLE IF EXISTS `permission`;
CREATE TABLE `permission`  (
  `id` int(11) NOT NULL AUTO_INCREMENT,
  `module_id` int(11) NOT NULL,
  `name` varchar(100) CHARACTER SET utf8 COLLATE utf8_general_ci NOT NULL,
  `prefix` varchar(100) CHARACTER SET utf8 COLLATE utf8_general_ci NOT NULL,
  `show_view` tinyint(2) NULL DEFAULT 1,
  `show_add` tinyint(2) NULL DEFAULT 1,
  `show_edit` tinyint(2) NULL DEFAULT 1,
  `show_delete` tinyint(2) NULL DEFAULT 1,
  `created_at` datetime NOT NULL DEFAULT CURRENT_TIMESTAMP,
  PRIMARY KEY (`id`) USING BTREE
) ENGINE = InnoDB AUTO_INCREMENT = 34 CHARACTER SET = utf8 COLLATE = utf8_general_ci ROW_FORMAT = DYNAMIC;

-- ----------------------------
-- Records of permission
-- ----------------------------
INSERT INTO `permission` VALUES (1, 1, 'Dashboard', 'dashboard', 1, 0, 0, 0, '2025-01-07 20:43:56');
INSERT INTO `permission` VALUES (2, 2, 'Login Deactivate', 'employee_disable_authentication', 1, 0, 1, 0, '2025-01-07 20:43:56');
INSERT INTO `permission` VALUES (3, 2, 'Employee', 'employee', 1, 1, 1, 1, '2025-01-07 20:43:56');
INSERT INTO `permission` VALUES (4, 2, 'Department', 'department', 1, 1, 1, 1, '2025-01-07 20:43:56');
INSERT INTO `permission` VALUES (5, 2, 'Designation', 'designation', 1, 1, 1, 1, '2025-01-07 20:43:56');
INSERT INTO `permission` VALUES (6, 3, 'Language', 'language', 1, 1, 1, 1, '2025-01-07 20:43:56');
INSERT INTO `permission` VALUES (7, 3, 'Database Restore', 'database_restore', 0, 1, 0, 0, '2025-01-07 20:43:56');
INSERT INTO `permission` VALUES (8, 3, 'Global Setting', 'global_setting', 1, 1, 0, 0, '2025-01-07 20:43:56');
INSERT INTO `permission` VALUES (9, 3, 'Database Backup', 'database_backup', 1, 1, 0, 1, '2025-01-07 20:43:56');
INSERT INTO `permission` VALUES (10, 4, 'Jenis Belanja', 'akun_jenis_belanja', 1, 1, 1, 0, '2025-01-07 20:51:33');
INSERT INTO `permission` VALUES (11, 4, 'Group BKPK', 'akun_group_bkpk', 1, 1, 1, 0, '2025-01-07 20:52:11');
INSERT INTO `permission` VALUES (12, 4, 'Kelompok BKPK', 'akun_kelompok_bkpk', 1, 1, 1, 0, '2025-01-07 20:53:09');
INSERT INTO `permission` VALUES (13, 4, 'BKPK', 'akun_bkpk', 1, 1, 1, 0, '2025-01-07 20:53:49');
INSERT INTO `permission` VALUES (14, 4, 'Kelompok Akun', 'akun_kelompok_akun', 1, 1, 1, 0, '2025-01-07 20:54:25');
INSERT INTO `permission` VALUES (15, 4, 'Akun', 'akun', 1, 1, 1, 0, '2025-01-07 20:54:59');
INSERT INTO `permission` VALUES (16, 4, 'Golongan Barang', 'golongan_barang', 1, 1, 1, 0, '2025-01-07 20:59:03');
INSERT INTO `permission` VALUES (17, 4, 'Bidang Barang', 'bidang_barang', 1, 1, 1, 0, '2025-01-07 20:59:56');
INSERT INTO `permission` VALUES (18, 4, 'Kelompok Barang', 'kelompok_barang', 1, 1, 1, 0, '2025-01-07 21:00:26');
INSERT INTO `permission` VALUES (19, 4, 'Sub Kelompok Barang', 'sub_kelompok_barang', 1, 1, 1, 0, '2025-01-07 21:01:03');
INSERT INTO `permission` VALUES (20, 4, 'Sub-Sub Kelompok Barang', 'sub_sub_kelompok_barang', 1, 1, 1, 0, '2025-01-07 21:01:25');
INSERT INTO `permission` VALUES (21, 4, 'Kelompok Rencana Kinerja', 'kelompok_rencana_kinerja', 1, 1, 1, 0, '2025-01-07 21:03:59');
INSERT INTO `permission` VALUES (22, 4, 'Rencana Kinerja', 'rencana_kinerja', 1, 1, 1, 0, '2025-01-07 21:04:12');
INSERT INTO `permission` VALUES (23, 4, 'Bentuk Kontrak', 'bentuk_kontrak', 1, 1, 1, 0, '2025-01-07 21:04:58');
INSERT INTO `permission` VALUES (24, 4, 'Jenis Kontrak', 'jenis_kontrak', 1, 1, 1, 0, '2025-01-07 21:05:17');
INSERT INTO `permission` VALUES (25, 4, 'Pelaksanaan Kontrak', 'pelaksanaan_kontrak', 1, 1, 1, 0, '2025-01-07 21:05:56');
INSERT INTO `permission` VALUES (26, 4, 'Metode Kontrak', 'metode_kontrak', 1, 1, 1, 0, '2025-01-07 21:06:07');
INSERT INTO `permission` VALUES (27, 4, 'Jaminan Pelaksanaan', 'jaminan_pelaksanaan', 1, 1, 1, 0, '2025-01-07 21:06:32');
INSERT INTO `permission` VALUES (28, 4, 'Jenis Usaha', 'jenis_usaha', 1, 1, 1, 0, '2025-01-07 21:07:02');
INSERT INTO `permission` VALUES (29, 4, 'Bank', 'bank', 1, 1, 1, 0, '2025-01-07 21:07:09');
INSERT INTO `permission` VALUES (30, 4, 'Tahun Anggaran', 'tahun_anggaran', 1, 1, 1, 0, '2025-01-07 21:07:26');
INSERT INTO `permission` VALUES (31, 4, 'Permission Modules', 'permission_modules', 1, 1, 1, 0, '2025-01-07 21:09:57');
INSERT INTO `permission` VALUES (32, 4, 'Permission', 'permission', 1, 1, 1, 0, '2025-01-07 21:10:17');
INSERT INTO `permission` VALUES (33, 5, 'Vendor', 'vendor', 1, 1, 1, 1, '2025-01-07 21:12:41');

-- ----------------------------
-- Table structure for permission_modules
-- ----------------------------
DROP TABLE IF EXISTS `permission_modules`;
CREATE TABLE `permission_modules`  (
  `id` int(11) NOT NULL AUTO_INCREMENT,
  `name` varchar(50) CHARACTER SET utf8 COLLATE utf8_general_ci NOT NULL,
  `prefix` varchar(50) CHARACTER SET utf8 COLLATE utf8_general_ci NOT NULL,
  `system` tinyint(1) NOT NULL,
  `sorted` tinyint(10) NOT NULL,
  `created_at` datetime NOT NULL,
  PRIMARY KEY (`id`) USING BTREE,
  INDEX `id`(`id`) USING BTREE
) ENGINE = InnoDB AUTO_INCREMENT = 6 CHARACTER SET = utf8 COLLATE = utf8_general_ci ROW_FORMAT = DYNAMIC;

-- ----------------------------
-- Records of permission_modules
-- ----------------------------
INSERT INTO `permission_modules` VALUES (1, 'Dashboard', 'dashboard', 1, 1, '2025-01-07 20:36:31');
INSERT INTO `permission_modules` VALUES (2, 'Employee', 'employee', 1, 2, '2025-01-07 20:36:31');
INSERT INTO `permission_modules` VALUES (3, 'Settings', 'settings', 1, 3, '2025-01-07 20:36:31');
INSERT INTO `permission_modules` VALUES (4, 'Refer Manager', 'refer_manager', 1, 4, '2025-01-07 20:36:31');
INSERT INTO `permission_modules` VALUES (5, 'Vendor', 'vendor', 1, 5, '2025-01-07 20:36:31');

-- ----------------------------
-- Table structure for ref_akun
-- ----------------------------
DROP TABLE IF EXISTS `ref_akun`;
CREATE TABLE `ref_akun`  (
  `id` int(11) NOT NULL AUTO_INCREMENT,
  `uuid` varchar(36) CHARACTER SET latin1 COLLATE latin1_swedish_ci NULL DEFAULT NULL,
  `code` varchar(25) CHARACTER SET latin1 COLLATE latin1_swedish_ci NULL DEFAULT NULL,
  `name` varchar(255) CHARACTER SET latin1 COLLATE latin1_swedish_ci NULL DEFAULT NULL,
  `kelompok_akun_code` varchar(25) CHARACTER SET latin1 COLLATE latin1_swedish_ci NULL DEFAULT NULL,
  `is_active` int(1) NULL DEFAULT NULL,
  PRIMARY KEY (`id`) USING BTREE,
  INDEX `kelompok_akun_code`(`kelompok_akun_code`) USING BTREE,
  INDEX `is_active`(`is_active`) USING BTREE
) ENGINE = InnoDB AUTO_INCREMENT = 2901 CHARACTER SET = latin1 COLLATE = latin1_swedish_ci ROW_FORMAT = DYNAMIC;

-- ----------------------------
-- Table structure for ref_akun_bkpk
-- ----------------------------
DROP TABLE IF EXISTS `ref_akun_bkpk`;
CREATE TABLE `ref_akun_bkpk`  (
  `id` int(11) NOT NULL AUTO_INCREMENT,
  `uuid` varchar(36) CHARACTER SET latin1 COLLATE latin1_swedish_ci NULL DEFAULT NULL,
  `code` varchar(25) CHARACTER SET latin1 COLLATE latin1_swedish_ci NULL DEFAULT NULL,
  `name` varchar(255) CHARACTER SET latin1 COLLATE latin1_swedish_ci NULL DEFAULT NULL,
  `kelompok_bkpk_code` varchar(25) CHARACTER SET latin1 COLLATE latin1_swedish_ci NULL DEFAULT NULL,
  `is_active` int(1) NULL DEFAULT NULL,
  PRIMARY KEY (`id`) USING BTREE,
  INDEX `kelompok_bkpk_code`(`kelompok_bkpk_code`) USING BTREE,
  INDEX `is_active`(`is_active`) USING BTREE
) ENGINE = InnoDB AUTO_INCREMENT = 462 CHARACTER SET = latin1 COLLATE = latin1_swedish_ci ROW_FORMAT = DYNAMIC;

-- ----------------------------
-- Records of ref_akun_bkpk
-- ----------------------------
INSERT INTO `ref_akun_bkpk` VALUES (1, '07012ab8-c68a-11ef-acc6-8819e42d3275', '1111', 'Kas di Rekening Pemerintah di Bank Indonesia dan Bank Umum dalam Rupiah', '111', 1);
INSERT INTO `ref_akun_bkpk` VALUES (2, '0701a1ca-c68a-11ef-acc6-8819e42d3275', '1112', 'Kas di Rekening Pemerintah di Bank Indonesia dan Bank Umum dalam Valuta Asing', '111', 1);
INSERT INTO `ref_akun_bkpk` VALUES (3, '070232be-c68a-11ef-acc6-8819e42d3275', '1113', 'Kas di Rekening Pemerintah Lainnya', '111', 1);
INSERT INTO `ref_akun_bkpk` VALUES (4, '0702ab85-c68a-11ef-acc6-8819e42d3275', '1114', 'Kas di Rekening Kas di KPPN', '111', 1);
INSERT INTO `ref_akun_bkpk` VALUES (5, '07032478-c68a-11ef-acc6-8819e42d3275', '1115', 'Kas dalam Transito', '111', 1);
INSERT INTO `ref_akun_bkpk` VALUES (6, '07039901-c68a-11ef-acc6-8819e42d3275', '1116', 'Kas di Bendahara Pengeluaran', '111', 1);
INSERT INTO `ref_akun_bkpk` VALUES (7, '07041102-c68a-11ef-acc6-8819e42d3275', '1117', 'Kas di Bendahara Penerimaan', '111', 1);
INSERT INTO `ref_akun_bkpk` VALUES (8, '0704d46b-c68a-11ef-acc6-8819e42d3275', '1118', 'Kas Lainnya dan Setara Kas', '111', 1);
INSERT INTO `ref_akun_bkpk` VALUES (9, '07055dad-c68a-11ef-acc6-8819e42d3275', '1119', 'Kas pada Badan Layanan Umum', '111', 1);
INSERT INTO `ref_akun_bkpk` VALUES (10, '0705d7bf-c68a-11ef-acc6-8819e42d3275', '1121', 'Uang Muka Dari Rekening KUN', '112', 1);
INSERT INTO `ref_akun_bkpk` VALUES (11, '07065090-c68a-11ef-acc6-8819e42d3275', '1122', 'Uang Muka Dari Rekening Khusus', '112', 1);
INSERT INTO `ref_akun_bkpk` VALUES (12, '0706d50a-c68a-11ef-acc6-8819e42d3275', '1123', 'Talangan kepada RKUN', '112', 1);
INSERT INTO `ref_akun_bkpk` VALUES (13, '07076a4e-c68a-11ef-acc6-8819e42d3275', '1131', 'Investasi dalam Deposito', '113', 1);
INSERT INTO `ref_akun_bkpk` VALUES (14, '0707e993-c68a-11ef-acc6-8819e42d3275', '1132', 'Investasi dalam Surat Perbendaharaan Negara', '113', 1);
INSERT INTO `ref_akun_bkpk` VALUES (15, '07085c24-c68a-11ef-acc6-8819e42d3275', '1133', 'Investasi Jangka Pendek- Badan Layanan Umum', '113', 1);
INSERT INTO `ref_akun_bkpk` VALUES (16, '0708d3c4-c68a-11ef-acc6-8819e42d3275', '1134', 'Bagian Lancar Investasi Non Permanen', '113', 1);
INSERT INTO `ref_akun_bkpk` VALUES (17, '07094daa-c68a-11ef-acc6-8819e42d3275', '1139', 'Investasi Jangka Pendek Lainnya', '113', 1);
INSERT INTO `ref_akun_bkpk` VALUES (18, '0709f6b5-c68a-11ef-acc6-8819e42d3275', '1141', 'Belanja Dibayar di Muka (prepaid)', '114', 1);
INSERT INTO `ref_akun_bkpk` VALUES (19, '070a82b2-c68a-11ef-acc6-8819e42d3275', '1142', 'Uang muka belanja (prepayment)', '114', 1);
INSERT INTO `ref_akun_bkpk` VALUES (20, '070afe54-c68a-11ef-acc6-8819e42d3275', '1143', 'Pendapatan Yang Masih Harus Diterima', '114', 1);
INSERT INTO `ref_akun_bkpk` VALUES (21, '070b76a7-c68a-11ef-acc6-8819e42d3275', '1151', 'Piutang Perpajakan', '115', 1);
INSERT INTO `ref_akun_bkpk` VALUES (22, '070bfb2e-c68a-11ef-acc6-8819e42d3275', '1152', 'Piutang Bukan Pajak', '115', 1);
INSERT INTO `ref_akun_bkpk` VALUES (23, '070c7bcb-c68a-11ef-acc6-8819e42d3275', '1153', 'Bagian Lancar Tagihan Penjualan Angsuran', '115', 1);
INSERT INTO `ref_akun_bkpk` VALUES (24, '070cf5c1-c68a-11ef-acc6-8819e42d3275', '1154', 'Bagian Lancar Tagihan Tuntutan Perbendaharaan/Tuntutan Ganti Rugi', '115', 1);
INSERT INTO `ref_akun_bkpk` VALUES (25, '070d6626-c68a-11ef-acc6-8819e42d3275', '1155', 'Bagian Lancar Piutang Pemberian Pinjaman', '115', 1);
INSERT INTO `ref_akun_bkpk` VALUES (26, '070dcf03-c68a-11ef-acc6-8819e42d3275', '1156', 'Piutang dari KUN', '115', 1);
INSERT INTO `ref_akun_bkpk` VALUES (27, '070e3bb6-c68a-11ef-acc6-8819e42d3275', '1157', 'Piutang dari kegiatan Operasional Badan Layanan Umum', '115', 1);
INSERT INTO `ref_akun_bkpk` VALUES (28, '070ee1e6-c68a-11ef-acc6-8819e42d3275', '1158', 'Piutang dari kegiatan Non Operasional Badan Layanan Umum', '115', 1);
INSERT INTO `ref_akun_bkpk` VALUES (29, '070f6ab2-c68a-11ef-acc6-8819e42d3275', '1159', 'Piutang Lancar Kredit Pemerintah dan Piutang Jangka Pendek Lainnya ', '115', 1);
INSERT INTO `ref_akun_bkpk` VALUES (30, '070fe1a1-c68a-11ef-acc6-8819e42d3275', '1161', 'Penyisihan Piutang Tidak Tertagih – Piutang Perpajakan', '116', 1);
INSERT INTO `ref_akun_bkpk` VALUES (31, '07105f89-c68a-11ef-acc6-8819e42d3275', '1162', 'Penyisihan Piutang Tidak Tertagih – Piutang Bukan Pajak', '116', 1);
INSERT INTO `ref_akun_bkpk` VALUES (32, '0710dfe3-c68a-11ef-acc6-8819e42d3275', '1163', 'Penyisihan Piutang Tidak Tertagih – Bagian Lancar Tagihan Penjualan Angsuran', '116', 1);
INSERT INTO `ref_akun_bkpk` VALUES (33, '0711a836-c68a-11ef-acc6-8819e42d3275', '1164', 'Penyisihan Piutang Tidak Tertagih – Bagian Lancar Tagihan Tuntutan Perbendaharaan/Tuntutan Ganti Rugi', '116', 1);
INSERT INTO `ref_akun_bkpk` VALUES (34, '071229d4-c68a-11ef-acc6-8819e42d3275', '1165', 'Penyisihan Piutang Tidak Tertagih – Bagian Lancar Investasi Permanen', '116', 1);
INSERT INTO `ref_akun_bkpk` VALUES (35, '0712a956-c68a-11ef-acc6-8819e42d3275', '1166', 'Penyisihan Piutang Tidak Tertagih – Piutang dari Kegiatan Operasional BLU', '116', 1);
INSERT INTO `ref_akun_bkpk` VALUES (36, '07132807-c68a-11ef-acc6-8819e42d3275', '1167', 'Penyisihan Piutang Tidak Tertagih – Piutang dari Kegiatan Non Operasional BLU', '116', 1);
INSERT INTO `ref_akun_bkpk` VALUES (37, '0713a179-c68a-11ef-acc6-8819e42d3275', '1171', 'Persediaan', '117', 1);
INSERT INTO `ref_akun_bkpk` VALUES (38, '07143166-c68a-11ef-acc6-8819e42d3275', '1172', 'Persediaan Badan Layanan Umum', '117', 1);
INSERT INTO `ref_akun_bkpk` VALUES (39, '0714a446-c68a-11ef-acc6-8819e42d3275', '1179', 'Persediaan yang belum diregister', '117', 1);
INSERT INTO `ref_akun_bkpk` VALUES (40, '07151751-c68a-11ef-acc6-8819e42d3275', '1181', 'Piutang PFK I', '118', 1);
INSERT INTO `ref_akun_bkpk` VALUES (41, '07159f55-c68a-11ef-acc6-8819e42d3275', '1182', 'Piutang Pengembalian Escrow ke RKUN', '118', 1);
INSERT INTO `ref_akun_bkpk` VALUES (42, '0716279e-c68a-11ef-acc6-8819e42d3275', '1212', 'Dana Restrukturisasi Perbankan', '121', 1);
INSERT INTO `ref_akun_bkpk` VALUES (43, '0716ab2e-c68a-11ef-acc6-8819e42d3275', '1213', 'Dana Bergulir', '121', 1);
INSERT INTO `ref_akun_bkpk` VALUES (44, '071725d2-c68a-11ef-acc6-8819e42d3275', '1214', 'Investasi dalam Obligasi', '121', 1);
INSERT INTO `ref_akun_bkpk` VALUES (45, '0717b71c-c68a-11ef-acc6-8819e42d3275', '1215', 'Penyertaan Modal Pemerintah dalam Proyek Pembangunan', '121', 1);
INSERT INTO `ref_akun_bkpk` VALUES (46, '0718336e-c68a-11ef-acc6-8819e42d3275', '1216', 'Investasi Non Permanen Badan Layanan Umum', '121', 1);
INSERT INTO `ref_akun_bkpk` VALUES (47, '0718aad9-c68a-11ef-acc6-8819e42d3275', '1217', 'Investasi Non Permanen Rekening Investasi BUN', '121', 1);
INSERT INTO `ref_akun_bkpk` VALUES (48, '07192541-c68a-11ef-acc6-8819e42d3275', '1219', 'Investasi Jangka Panjang Non Permanen Lainnya', '121', 1);
INSERT INTO `ref_akun_bkpk` VALUES (49, '07199e9c-c68a-11ef-acc6-8819e42d3275', '1221', 'Investasi Permanen Penyertaan Modal Pemerintah', '122', 1);
INSERT INTO `ref_akun_bkpk` VALUES (50, '071a1080-c68a-11ef-acc6-8819e42d3275', '1222', 'Investasi Permanen Badan Layanan Umum', '122', 1);
INSERT INTO `ref_akun_bkpk` VALUES (51, '071a8c1c-c68a-11ef-acc6-8819e42d3275', '1229', 'Investasi Permanen Lainnya', '122', 1);
INSERT INTO `ref_akun_bkpk` VALUES (52, '071afe59-c68a-11ef-acc6-8819e42d3275', '1231', 'Dana Bergulir Diragukan Tertagih', '123', 1);
INSERT INTO `ref_akun_bkpk` VALUES (53, '071b92f5-c68a-11ef-acc6-8819e42d3275', '1232', 'Investasi Jangka Panjang Non Permanen Lainnya Diragukan Realisasinya', '123', 1);
INSERT INTO `ref_akun_bkpk` VALUES (54, '071c0ca4-c68a-11ef-acc6-8819e42d3275', '1233', 'Investasi Non Permanen BLU Bentuk Tagihan Diragukan Tertagih', '123', 1);
INSERT INTO `ref_akun_bkpk` VALUES (55, '071d02cf-c68a-11ef-acc6-8819e42d3275', '1311', 'Tanah', '131', 1);
INSERT INTO `ref_akun_bkpk` VALUES (56, '071d7d19-c68a-11ef-acc6-8819e42d3275', '1312', 'Tanah Belum Diregister', '131', 1);
INSERT INTO `ref_akun_bkpk` VALUES (57, '071e294a-c68a-11ef-acc6-8819e42d3275', '1313', 'Tanah Badan Layanan Umum', '131', 1);
INSERT INTO `ref_akun_bkpk` VALUES (58, '071eac79-c68a-11ef-acc6-8819e42d3275', '1314', 'Tanah Belum Diregister – BLU', '131', 1);
INSERT INTO `ref_akun_bkpk` VALUES (59, '071f1eba-c68a-11ef-acc6-8819e42d3275', '1321', 'Peralatan dan Mesin', '132', 1);
INSERT INTO `ref_akun_bkpk` VALUES (60, '071fa8d5-c68a-11ef-acc6-8819e42d3275', '1322', 'Peralatan dan Mesin Belum Diregister', '132', 1);
INSERT INTO `ref_akun_bkpk` VALUES (61, '07201c12-c68a-11ef-acc6-8819e42d3275', '1323', 'Peralatan dan Mesin Badan Layanan Umum', '132', 1);
INSERT INTO `ref_akun_bkpk` VALUES (62, '0720db1e-c68a-11ef-acc6-8819e42d3275', '1324', 'Peralatan dan Mesin Belum Diregister – BLU', '132', 1);
INSERT INTO `ref_akun_bkpk` VALUES (63, '0721624d-c68a-11ef-acc6-8819e42d3275', '1331', 'Gedung dan Bangunan', '133', 1);
INSERT INTO `ref_akun_bkpk` VALUES (64, '0721db19-c68a-11ef-acc6-8819e42d3275', '1332', 'Gedung dan Bangunan Belum Diregister', '133', 1);
INSERT INTO `ref_akun_bkpk` VALUES (65, '07227b46-c68a-11ef-acc6-8819e42d3275', '1333', 'Gedung dan Bangunan Badan Layanan Umum', '133', 1);
INSERT INTO `ref_akun_bkpk` VALUES (66, '0723509f-c68a-11ef-acc6-8819e42d3275', '1334', 'Gedung dan Bangunan Belum Diregister – BLU', '133', 1);
INSERT INTO `ref_akun_bkpk` VALUES (67, '0723fa24-c68a-11ef-acc6-8819e42d3275', '1341', 'Jalan, Irigasi dan Jaringan', '134', 1);
INSERT INTO `ref_akun_bkpk` VALUES (68, '072487f6-c68a-11ef-acc6-8819e42d3275', '1342', 'Jalan, Irigasi dan Jaringan Belum Diregister', '134', 1);
INSERT INTO `ref_akun_bkpk` VALUES (69, '072500cb-c68a-11ef-acc6-8819e42d3275', '1343', 'Jalan,Irigasi, dan Jaringan Badan Layanan Umum', '134', 1);
INSERT INTO `ref_akun_bkpk` VALUES (70, '072576a0-c68a-11ef-acc6-8819e42d3275', '1344', 'Jalan, Irigasi dan Jaringan Belum Diregister - BLU', '134', 1);
INSERT INTO `ref_akun_bkpk` VALUES (71, '0725fc9f-c68a-11ef-acc6-8819e42d3275', '1351', 'Aset Tetap Lainnya', '135', 1);
INSERT INTO `ref_akun_bkpk` VALUES (72, '07267d56-c68a-11ef-acc6-8819e42d3275', '1352', 'Aset Tetap Lainnya Badan Layanan Umum', '135', 1);
INSERT INTO `ref_akun_bkpk` VALUES (73, '0726f3e3-c68a-11ef-acc6-8819e42d3275', '1361', 'Konstruksi Dalam Pengerjaan', '136', 1);
INSERT INTO `ref_akun_bkpk` VALUES (74, '0727709f-c68a-11ef-acc6-8819e42d3275', '1362', 'Konstruksi Dalam Pengerjaan Badan Layanan Umum', '136', 1);
INSERT INTO `ref_akun_bkpk` VALUES (75, '0727ebfc-c68a-11ef-acc6-8819e42d3275', '1371', 'Akumulasi Penyusutan Peralatan dan Mesin', '137', 1);
INSERT INTO `ref_akun_bkpk` VALUES (76, '07287653-c68a-11ef-acc6-8819e42d3275', '1372', 'Akumulasi Penyusutan Gedung dan Bangunan', '137', 1);
INSERT INTO `ref_akun_bkpk` VALUES (77, '07290b6b-c68a-11ef-acc6-8819e42d3275', '1373', 'Akumulasi Penyusutan Jalan, Irigasi dan Jaringan', '137', 1);
INSERT INTO `ref_akun_bkpk` VALUES (78, '07298b5d-c68a-11ef-acc6-8819e42d3275', '1374', 'Akumulasi Penyusutan Aset Tetap Lainnya', '137', 1);
INSERT INTO `ref_akun_bkpk` VALUES (79, '072a0973-c68a-11ef-acc6-8819e42d3275', '1391', 'Aset Tetap yang Belum Diregister', '139', 1);
INSERT INTO `ref_akun_bkpk` VALUES (80, '072a832a-c68a-11ef-acc6-8819e42d3275', '1411', 'Dana Cadangan', '141', 1);
INSERT INTO `ref_akun_bkpk` VALUES (81, '072b0de3-c68a-11ef-acc6-8819e42d3275', '1511', 'Piutang Tagihan Penjualan Angsuran', '151', 1);
INSERT INTO `ref_akun_bkpk` VALUES (82, '072b95f6-c68a-11ef-acc6-8819e42d3275', '1512', 'Piutang Tagihan Penjualan Angsuran BLU', '151', 1);
INSERT INTO `ref_akun_bkpk` VALUES (83, '072c1523-c68a-11ef-acc6-8819e42d3275', '1521', 'Piutang Tagihan Tuntutan Perbendaharaan/Tuntutan Ganti Rugi', '152', 1);
INSERT INTO `ref_akun_bkpk` VALUES (84, '072c9693-c68a-11ef-acc6-8819e42d3275', '1522', 'Piutang Tagihan Tuntutan Perbendaharaan/Tuntutan Ganti Rugi BLU', '152', 1);
INSERT INTO `ref_akun_bkpk` VALUES (85, '072d1401-c68a-11ef-acc6-8819e42d3275', '1531', 'Piutang Jangka Panjang Pemberian Pinjaman', '153', 1);
INSERT INTO `ref_akun_bkpk` VALUES (86, '072da3fe-c68a-11ef-acc6-8819e42d3275', '1541', 'Piutang Jangka Panjang atas Kredit Pemerintah', '154', 1);
INSERT INTO `ref_akun_bkpk` VALUES (87, '072e2ba3-c68a-11ef-acc6-8819e42d3275', '1551', 'Piutang Jangka Panjang lainnya', '155', 1);
INSERT INTO `ref_akun_bkpk` VALUES (88, '072eb152-c68a-11ef-acc6-8819e42d3275', '1552', 'Piutang Jangka Panjang Subsidi', '155', 1);
INSERT INTO `ref_akun_bkpk` VALUES (89, '072f3c67-c68a-11ef-acc6-8819e42d3275', '1561', 'Penyisihan Piutang Tidak Tertagih - Tagihan Penjualan Angsuran', '156', 1);
INSERT INTO `ref_akun_bkpk` VALUES (90, '072fd329-c68a-11ef-acc6-8819e42d3275', '1562', 'Penyisihan Piutang Tidak Tertagih - Tagihan Penjualan Angsuran BLU', '156', 1);
INSERT INTO `ref_akun_bkpk` VALUES (91, '073061c7-c68a-11ef-acc6-8819e42d3275', '1563', 'Penyisihan Piutang Tidak Tertagih – Tagihan Tuntutan Perbendaharaan/Tuntutan Ganti Rugi', '156', 1);
INSERT INTO `ref_akun_bkpk` VALUES (92, '0730d9c4-c68a-11ef-acc6-8819e42d3275', '1564', 'Penyisihan Piutang Tidak Tertagih - Tagihan Tuntutan Perbendaharaan/Tuntutan Ganti Rugi BLU', '156', 1);
INSERT INTO `ref_akun_bkpk` VALUES (93, '07316ca4-c68a-11ef-acc6-8819e42d3275', '1565', 'Penyisihan Piutang Tidak Tertagih - Piutang Jangka Panjang Pemberian Pinjaman', '156', 1);
INSERT INTO `ref_akun_bkpk` VALUES (94, '0731ed0b-c68a-11ef-acc6-8819e42d3275', '1566', 'Penyisihan Piutang Tidak Tertagih - Kredit Pemerintah', '156', 1);
INSERT INTO `ref_akun_bkpk` VALUES (95, '073281ae-c68a-11ef-acc6-8819e42d3275', '1567', 'Penyisihan Piutang Tidak Tertagih Jangka Panjang Subsidi', '156', 1);
INSERT INTO `ref_akun_bkpk` VALUES (96, '07330462-c68a-11ef-acc6-8819e42d3275', '1569', 'Penyisihan Piutang Tidak Tertagih-Piutang Jangka Panjang Lainnya', '156', 1);
INSERT INTO `ref_akun_bkpk` VALUES (97, '0733810a-c68a-11ef-acc6-8819e42d3275', '1611', 'Kemitraan Dengan Pihak Ketiga', '161', 1);
INSERT INTO `ref_akun_bkpk` VALUES (98, '07341d43-c68a-11ef-acc6-8819e42d3275', '1612', 'Aset Konsesi Jasa', '161', 1);
INSERT INTO `ref_akun_bkpk` VALUES (99, '07349db0-c68a-11ef-acc6-8819e42d3275', '1621', 'Aset Tak Berwujud', '162', 1);
INSERT INTO `ref_akun_bkpk` VALUES (100, '07351b77-c68a-11ef-acc6-8819e42d3275', '1622', 'Aset Tak Berwujud- Badan Layanan Umum', '162', 1);
INSERT INTO `ref_akun_bkpk` VALUES (101, '07359ae0-c68a-11ef-acc6-8819e42d3275', '1623', 'Aset Tak Berwujud Dalam Pengerjaan', '162', 1);
INSERT INTO `ref_akun_bkpk` VALUES (102, '07361c67-c68a-11ef-acc6-8819e42d3275', '1624', 'Aset Tak Berwujud Dalam Pengerjaan-BLU', '162', 1);
INSERT INTO `ref_akun_bkpk` VALUES (103, '0736969e-c68a-11ef-acc6-8819e42d3275', '1631', 'Dana Yang Dibatasi Penggunaannya', '163', 1);
INSERT INTO `ref_akun_bkpk` VALUES (104, '07371bf3-c68a-11ef-acc6-8819e42d3275', '1632', 'Dana Cadangan Perwakilan RI di Luar Negeri', '163', 1);
INSERT INTO `ref_akun_bkpk` VALUES (105, '07379dd2-c68a-11ef-acc6-8819e42d3275', '1641', 'Dana Cadangan Penjaminan', '164', 1);
INSERT INTO `ref_akun_bkpk` VALUES (106, '073820ce-c68a-11ef-acc6-8819e42d3275', '1642', 'Dana Penjaminan Pihak Ketiga Retensi', '164', 1);
INSERT INTO `ref_akun_bkpk` VALUES (107, '07389c14-c68a-11ef-acc6-8819e42d3275', '1651', 'Dana Kelolaan Badan Layanan Umum', '165', 1);
INSERT INTO `ref_akun_bkpk` VALUES (108, '0739165c-c68a-11ef-acc6-8819e42d3275', '1652', 'Dana Jangka Panjang', '165', 1);
INSERT INTO `ref_akun_bkpk` VALUES (109, '07398904-c68a-11ef-acc6-8819e42d3275', '1661', 'Aset Lain-lain', '166', 1);
INSERT INTO `ref_akun_bkpk` VALUES (110, '073a13c5-c68a-11ef-acc6-8819e42d3275', '1662', 'Aset Lain-lain-Badan Layanan Umum', '166', 1);
INSERT INTO `ref_akun_bkpk` VALUES (111, '073a962a-c68a-11ef-acc6-8819e42d3275', '1663', 'Aset Lainnya dari Reklasifikasi UP/TUP dan Kas Besi', '166', 1);
INSERT INTO `ref_akun_bkpk` VALUES (112, '073b2900-c68a-11ef-acc6-8819e42d3275', '1664', 'Aset Lainnya yang belum diregister', '166', 1);
INSERT INTO `ref_akun_bkpk` VALUES (113, '073bc08d-c68a-11ef-acc6-8819e42d3275', '1671', 'Aset Lainnya dari Ekuitas pada Unit Badan Lainnya', '167', 1);
INSERT INTO `ref_akun_bkpk` VALUES (114, '073c338d-c68a-11ef-acc6-8819e42d3275', '1681', 'Aset Lainnya Pemberian Pinjaman', '168', 1);
INSERT INTO `ref_akun_bkpk` VALUES (115, '073cab25-c68a-11ef-acc6-8819e42d3275', '1691', 'Akumulasi Penyusutan Aset Lainnya', '169', 1);
INSERT INTO `ref_akun_bkpk` VALUES (116, '073d25ab-c68a-11ef-acc6-8819e42d3275', '1692', 'Akumulasi Penyusutan Aset Lainnya BLU', '169', 1);
INSERT INTO `ref_akun_bkpk` VALUES (117, '073d9fcc-c68a-11ef-acc6-8819e42d3275', '1693', 'Akumulasi Amortisasi Aset Lainnya', '169', 1);
INSERT INTO `ref_akun_bkpk` VALUES (118, '073e1686-c68a-11ef-acc6-8819e42d3275', '1694', 'Akumulasi Amortisasi Aset Lainnya BLU', '169', 1);
INSERT INTO `ref_akun_bkpk` VALUES (119, '073e8ae0-c68a-11ef-acc6-8819e42d3275', '1911', 'Akun Set up A', '191', 1);
INSERT INTO `ref_akun_bkpk` VALUES (120, '073f09b9-c68a-11ef-acc6-8819e42d3275', '1912', 'Cross Currency Type Account', '191', 1);
INSERT INTO `ref_akun_bkpk` VALUES (121, '073f8906-c68a-11ef-acc6-8819e42d3275', '2111', 'Utang Perhitungan Fihak Ketiga', '211', 1);
INSERT INTO `ref_akun_bkpk` VALUES (122, '0740017d-c68a-11ef-acc6-8819e42d3275', '2121', 'Utang kepada Pihak Ketiga I', '212', 1);
INSERT INTO `ref_akun_bkpk` VALUES (123, '07407b8b-c68a-11ef-acc6-8819e42d3275', '2122', 'Utang kepada Pihak Ketiga II', '212', 1);
INSERT INTO `ref_akun_bkpk` VALUES (124, '0740f729-c68a-11ef-acc6-8819e42d3275', '2131', 'Utang Biaya Pinjaman', '213', 1);
INSERT INTO `ref_akun_bkpk` VALUES (125, '07417848-c68a-11ef-acc6-8819e42d3275', '2141', 'Utang Subsidi', '214', 1);
INSERT INTO `ref_akun_bkpk` VALUES (126, '07420f6d-c68a-11ef-acc6-8819e42d3275', '2142', 'Belanja subsidi yang masih harus dibayar', '214', 1);
INSERT INTO `ref_akun_bkpk` VALUES (127, '074289a3-c68a-11ef-acc6-8819e42d3275', '2151', 'Utang Transfer', '215', 1);
INSERT INTO `ref_akun_bkpk` VALUES (128, '07430abd-c68a-11ef-acc6-8819e42d3275', '2161', 'Bagian Lancar Utang Jangka Panjang', '216', 1);
INSERT INTO `ref_akun_bkpk` VALUES (129, '0743841e-c68a-11ef-acc6-8819e42d3275', '2171', 'Utang Surat Berharga Negara - Jangka Pendek', '217', 1);
INSERT INTO `ref_akun_bkpk` VALUES (130, '0743f2ec-c68a-11ef-acc6-8819e42d3275', '2181', 'Utang Yang Belum Ditagihkan', '218', 1);
INSERT INTO `ref_akun_bkpk` VALUES (131, '074467ce-c68a-11ef-acc6-8819e42d3275', '2182', 'Hibah Langsung yang Belum Disahkan', '218', 1);
INSERT INTO `ref_akun_bkpk` VALUES (132, '0744d98f-c68a-11ef-acc6-8819e42d3275', '2191', 'Utang Kelebihan Pembayaran Pendapatan', '219', 1);
INSERT INTO `ref_akun_bkpk` VALUES (133, '0745458d-c68a-11ef-acc6-8819e42d3275', '2192', 'Pendapatan Diterima di Muka', '219', 1);
INSERT INTO `ref_akun_bkpk` VALUES (134, '0745b8e0-c68a-11ef-acc6-8819e42d3275', '2193', 'Uang Muka Rekening Khusus', '219', 1);
INSERT INTO `ref_akun_bkpk` VALUES (135, '07462b0e-c68a-11ef-acc6-8819e42d3275', '2194', 'Uang Muka', '219', 1);
INSERT INTO `ref_akun_bkpk` VALUES (136, '0746a238-c68a-11ef-acc6-8819e42d3275', '2195', 'Uang Muka dari KPPN', '219', 1);
INSERT INTO `ref_akun_bkpk` VALUES (137, '0747209e-c68a-11ef-acc6-8819e42d3275', '2196', 'Pendapatan Yang Ditangguhkan', '219', 1);
INSERT INTO `ref_akun_bkpk` VALUES (138, '07478dc5-c68a-11ef-acc6-8819e42d3275', '2197', 'Utang Kepada KUN', '219', 1);
INSERT INTO `ref_akun_bkpk` VALUES (139, '0747fa3c-c68a-11ef-acc6-8819e42d3275', '2198', 'Utang Kepada RPL', '219', 1);
INSERT INTO `ref_akun_bkpk` VALUES (140, '07486b95-c68a-11ef-acc6-8819e42d3275', '2199', 'Utang Jangka Pendek Lainnya', '219', 1);
INSERT INTO `ref_akun_bkpk` VALUES (141, '0748db6d-c68a-11ef-acc6-8819e42d3275', '2211', 'Utang Jangka Panjang Dalam Negeri Perbankan', '221', 1);
INSERT INTO `ref_akun_bkpk` VALUES (142, '0749512f-c68a-11ef-acc6-8819e42d3275', '2212', 'Utang Jangka Panjang - Surat Berharga Negara', '221', 1);
INSERT INTO `ref_akun_bkpk` VALUES (143, '0749c72e-c68a-11ef-acc6-8819e42d3275', '2213', 'Utang Kepada Dana Pensiun dan THT', '221', 1);
INSERT INTO `ref_akun_bkpk` VALUES (144, '074a3531-c68a-11ef-acc6-8819e42d3275', '2214', 'Pembiayaan Surat Utang Negara Ditangguhkan', '221', 1);
INSERT INTO `ref_akun_bkpk` VALUES (145, '074a9bad-c68a-11ef-acc6-8819e42d3275', '2215', 'Utang Jangka Panjang BLU kepada BUN', '221', 1);
INSERT INTO `ref_akun_bkpk` VALUES (146, '074b05b4-c68a-11ef-acc6-8819e42d3275', '2216', 'Utang Jangka Panjang Subsidi', '221', 1);
INSERT INTO `ref_akun_bkpk` VALUES (147, '074b7706-c68a-11ef-acc6-8819e42d3275', '2217', 'Utang Jangka Panjang - Pinjaman Dalam Negeri', '221', 1);
INSERT INTO `ref_akun_bkpk` VALUES (148, '074be4e3-c68a-11ef-acc6-8819e42d3275', '2219', 'Utang Jangka Panjang Dalam Negeri Lainnya', '221', 1);
INSERT INTO `ref_akun_bkpk` VALUES (149, '074c5921-c68a-11ef-acc6-8819e42d3275', '2221', 'Utang Jangka Panjang Pinjaman Luar Negeri', '222', 1);
INSERT INTO `ref_akun_bkpk` VALUES (150, '074cc022-c68a-11ef-acc6-8819e42d3275', '2222', 'Utang Jangka Panjang Luar Negeri Non Perbankan', '222', 1);
INSERT INTO `ref_akun_bkpk` VALUES (151, '074d3301-c68a-11ef-acc6-8819e42d3275', '2223', 'Utang Jangka Panjang Luar Negeri Lainnya', '222', 1);
INSERT INTO `ref_akun_bkpk` VALUES (152, '074da280-c68a-11ef-acc6-8819e42d3275', '2251', 'Utang Transfer Jangka Panjang', '225', 1);
INSERT INTO `ref_akun_bkpk` VALUES (153, '074e0f24-c68a-11ef-acc6-8819e42d3275', '2261', 'Kewajiban Konsesi Jasa', '226', 1);
INSERT INTO `ref_akun_bkpk` VALUES (154, '074e8588-c68a-11ef-acc6-8819e42d3275', '2311', 'Dicadangkan untuk Komitmen Belanja', '231', 1);
INSERT INTO `ref_akun_bkpk` VALUES (155, '074ef348-c68a-11ef-acc6-8819e42d3275', '2912', 'Akun Set up A', '291', 1);
INSERT INTO `ref_akun_bkpk` VALUES (156, '074f5b02-c68a-11ef-acc6-8819e42d3275', '3111', 'SAL', '311', 1);
INSERT INTO `ref_akun_bkpk` VALUES (157, '074fc5f8-c68a-11ef-acc6-8819e42d3275', '3112', 'SILPA', '311', 1);
INSERT INTO `ref_akun_bkpk` VALUES (158, '07503ac2-c68a-11ef-acc6-8819e42d3275', '3131', 'Due to - Due from', '313', 1);
INSERT INTO `ref_akun_bkpk` VALUES (159, '0750a97f-c68a-11ef-acc6-8819e42d3275', '3132', 'Transfer', '313', 1);
INSERT INTO `ref_akun_bkpk` VALUES (160, '07512258-c68a-11ef-acc6-8819e42d3275', '3211', 'Diinvestasikan dalam Investasi Jangka Panjang', '321', 1);
INSERT INTO `ref_akun_bkpk` VALUES (161, '075197af-c68a-11ef-acc6-8819e42d3275', '3911', 'Ekuitas', '391', 1);
INSERT INTO `ref_akun_bkpk` VALUES (162, '075202da-c68a-11ef-acc6-8819e42d3275', '3999', 'Ekuitas Konsolidasi BUN', '399', 1);
INSERT INTO `ref_akun_bkpk` VALUES (163, '07526c06-c68a-11ef-acc6-8819e42d3275', '4111', 'Pendapatan Pajak Penghasilan', '411', 1);
INSERT INTO `ref_akun_bkpk` VALUES (164, '0752dccd-c68a-11ef-acc6-8819e42d3275', '4112', 'Pendapatan Pajak Pertambahan Nilai', '411', 1);
INSERT INTO `ref_akun_bkpk` VALUES (165, '07534db3-c68a-11ef-acc6-8819e42d3275', '4113', 'Pendapatan Pajak Bumi dan Bangunan', '411', 1);
INSERT INTO `ref_akun_bkpk` VALUES (166, '0753c600-c68a-11ef-acc6-8819e42d3275', '4114', 'Pendapatan BPHTB', '411', 1);
INSERT INTO `ref_akun_bkpk` VALUES (167, '07543820-c68a-11ef-acc6-8819e42d3275', '4115', 'Pendapatan Cukai', '411', 1);
INSERT INTO `ref_akun_bkpk` VALUES (168, '0754a3bb-c68a-11ef-acc6-8819e42d3275', '4116', 'Pendapatan Pajak Lainnya', '411', 1);
INSERT INTO `ref_akun_bkpk` VALUES (169, '075518da-c68a-11ef-acc6-8819e42d3275', '4121', 'Pendapatan Bea Masuk', '412', 1);
INSERT INTO `ref_akun_bkpk` VALUES (170, '07558934-c68a-11ef-acc6-8819e42d3275', '4122', 'Pendapatan Bea Keluar', '412', 1);
INSERT INTO `ref_akun_bkpk` VALUES (171, '0756380a-c68a-11ef-acc6-8819e42d3275', '4199', 'Pendapatan Pajak lain-lain', '419', 1);
INSERT INTO `ref_akun_bkpk` VALUES (172, '0756b75e-c68a-11ef-acc6-8819e42d3275', '4211', 'Pendapatan Minyak bumi', '421', 1);
INSERT INTO `ref_akun_bkpk` VALUES (173, '07572822-c68a-11ef-acc6-8819e42d3275', '4212', 'PENDAPATAN GAS BUMI', '421', 1);
INSERT INTO `ref_akun_bkpk` VALUES (174, '07579495-c68a-11ef-acc6-8819e42d3275', '4213', 'PENDAPATAN PERTAMBANGAN MINERAL DAN BATUBARA', '421', 1);
INSERT INTO `ref_akun_bkpk` VALUES (175, '075800b5-c68a-11ef-acc6-8819e42d3275', '4214', 'Pendapatan Kehutanan', '421', 1);
INSERT INTO `ref_akun_bkpk` VALUES (176, '0758a83c-c68a-11ef-acc6-8819e42d3275', '4215', 'Pendapatan Kelautan dan Perikanan', '421', 1);
INSERT INTO `ref_akun_bkpk` VALUES (177, '07591e5e-c68a-11ef-acc6-8819e42d3275', '4216', 'PENDAPATAN PANAS BUMI', '421', 1);
INSERT INTO `ref_akun_bkpk` VALUES (178, '07598bad-c68a-11ef-acc6-8819e42d3275', '4217', 'Penerimaan Sharing Migas', '421', 1);
INSERT INTO `ref_akun_bkpk` VALUES (179, '0759fade-c68a-11ef-acc6-8819e42d3275', '4221', 'Pendapatan Bagian Pemerintah atas Laba BUMN', '422', 1);
INSERT INTO `ref_akun_bkpk` VALUES (180, '075a6344-c68a-11ef-acc6-8819e42d3275', '4222', 'Pendapatan dari KND Lainnya', '422', 1);
INSERT INTO `ref_akun_bkpk` VALUES (181, '075ad3ea-c68a-11ef-acc6-8819e42d3275', '4241', 'Pendapatan Jasa Layanan Umum', '424', 1);
INSERT INTO `ref_akun_bkpk` VALUES (182, '075b40a1-c68a-11ef-acc6-8819e42d3275', '4242', 'Pendapatan Hibah Badan Layanan Umum', '424', 1);
INSERT INTO `ref_akun_bkpk` VALUES (183, '075bb097-c68a-11ef-acc6-8819e42d3275', '4243', 'Pendapatan Hasil Kerja Sama BLU', '424', 1);
INSERT INTO `ref_akun_bkpk` VALUES (184, '075c2161-c68a-11ef-acc6-8819e42d3275', '4244', 'Pendapatan dari Alokasi APBN', '424', 1);
INSERT INTO `ref_akun_bkpk` VALUES (185, '075c8f6d-c68a-11ef-acc6-8819e42d3275', '4249', 'Pendapatan BLU Lainnya', '424', 1);
INSERT INTO `ref_akun_bkpk` VALUES (186, '075d023e-c68a-11ef-acc6-8819e42d3275', '4251', 'Pendapatan Dari Penjualan, Pengelolaan BMN, dan Iuran Badan Usaha', '425', 1);
INSERT INTO `ref_akun_bkpk` VALUES (187, '075d7593-c68a-11ef-acc6-8819e42d3275', '4252', 'Pendapatan Administrasi, Penegakan Hukum, dan Hubungan Internasional', '425', 1);
INSERT INTO `ref_akun_bkpk` VALUES (188, '075df405-c68a-11ef-acc6-8819e42d3275', '4253', 'PENDAPATAN KESEHATAN, PERLINDUNGAN SOSIAL, DAN KEAGAMAAN', '425', 1);
INSERT INTO `ref_akun_bkpk` VALUES (189, '075e67c0-c68a-11ef-acc6-8819e42d3275', '4254', 'PENDAPATAN PENDIDIKAN, BUDAYA, RISET, DAN TEKNOLOGI', '425', 1);
INSERT INTO `ref_akun_bkpk` VALUES (190, '075ecde7-c68a-11ef-acc6-8819e42d3275', '4255', 'PENDAPATAN JASA TRANSPORTASI, KOMUNIKASI DAN INFORMATIKA', '425', 1);
INSERT INTO `ref_akun_bkpk` VALUES (191, '075f33f0-c68a-11ef-acc6-8819e42d3275', '4256', 'PENDAPATAN JASA LAINNYA', '425', 1);
INSERT INTO `ref_akun_bkpk` VALUES (192, '075faf36-c68a-11ef-acc6-8819e42d3275', '4257', 'PENDAPATAN BUNGA, PENGELOLAAN REKENING PERBANKAN, DAN PENGELOLAAN KEUANGAN', '425', 1);
INSERT INTO `ref_akun_bkpk` VALUES (193, '07604a5c-c68a-11ef-acc6-8819e42d3275', '4258', 'PENDAPATAN DENDA', '425', 1);
INSERT INTO `ref_akun_bkpk` VALUES (194, '0760bbbd-c68a-11ef-acc6-8819e42d3275', '4259', 'PENDAPATAN LAIN-LAIN', '425', 1);
INSERT INTO `ref_akun_bkpk` VALUES (195, '076123f6-c68a-11ef-acc6-8819e42d3275', '4311', 'Pendapatan Hibah Dalam Negeri', '431', 1);
INSERT INTO `ref_akun_bkpk` VALUES (196, '076193ac-c68a-11ef-acc6-8819e42d3275', '4312', 'Pendapatan Hibah Luar Negeri', '431', 1);
INSERT INTO `ref_akun_bkpk` VALUES (197, '076201e7-c68a-11ef-acc6-8819e42d3275', '4399', 'Pendapatan Hibah Lain-lain', '439', 1);
INSERT INTO `ref_akun_bkpk` VALUES (198, '07627188-c68a-11ef-acc6-8819e42d3275', '4911', 'Pendapatan selisih kurs yang belum terealisasi', '491', 1);
INSERT INTO `ref_akun_bkpk` VALUES (199, '0762dfc1-c68a-11ef-acc6-8819e42d3275', '4912', 'Pendapatan amortisasi premium', '491', 1);
INSERT INTO `ref_akun_bkpk` VALUES (200, '07634d2b-c68a-11ef-acc6-8819e42d3275', '4913', 'Pendapatan Penyesuaian Lainnya', '491', 1);
INSERT INTO `ref_akun_bkpk` VALUES (201, '0763b38e-c68a-11ef-acc6-8819e42d3275', '4914', 'Pendapatan Pelepasan dan Perolehan Aset/Jasa', '491', 1);
INSERT INTO `ref_akun_bkpk` VALUES (202, '07642b86-c68a-11ef-acc6-8819e42d3275', '4915', 'Pendapatan Penyesuaian Nilai Aset', '491', 1);
INSERT INTO `ref_akun_bkpk` VALUES (203, '0764998e-c68a-11ef-acc6-8819e42d3275', '4981', 'Suspense Pendapatan', '498', 1);
INSERT INTO `ref_akun_bkpk` VALUES (204, '0765024a-c68a-11ef-acc6-8819e42d3275', '4991', 'Akun Set up', '499', 1);
INSERT INTO `ref_akun_bkpk` VALUES (205, '07656c15-c68a-11ef-acc6-8819e42d3275', '4999', 'Revenue', '499', 1);
INSERT INTO `ref_akun_bkpk` VALUES (206, '0765df21-c68a-11ef-acc6-8819e42d3275', '5111', 'Belanja Gaji dan Tunjangan PNS', '511', 1);
INSERT INTO `ref_akun_bkpk` VALUES (207, '07664651-c68a-11ef-acc6-8819e42d3275', '5112', 'Belanja Gaji dan Tunjangan TNI/Polri', '511', 1);
INSERT INTO `ref_akun_bkpk` VALUES (208, '0766bae3-c68a-11ef-acc6-8819e42d3275', '5113', 'Belanja Gaji dan Tunjangan Pejabat Negara', '511', 1);
INSERT INTO `ref_akun_bkpk` VALUES (209, '07678b2a-c68a-11ef-acc6-8819e42d3275', '5114', 'Belanja Gaji Dokter PTT', '511', 1);
INSERT INTO `ref_akun_bkpk` VALUES (210, '07680175-c68a-11ef-acc6-8819e42d3275', '5115', 'Belanja Gaji dan Tunjangan Pegawai Non PNS', '511', 1);
INSERT INTO `ref_akun_bkpk` VALUES (211, '07686dde-c68a-11ef-acc6-8819e42d3275', '5116', 'Belanja Gaji dan Tunjangan PPPK', '511', 1);
INSERT INTO `ref_akun_bkpk` VALUES (212, '0768d625-c68a-11ef-acc6-8819e42d3275', '5121', 'Belanja Honorarium', '512', 1);
INSERT INTO `ref_akun_bkpk` VALUES (213, '07694879-c68a-11ef-acc6-8819e42d3275', '5122', 'Belanja Lembur', '512', 1);
INSERT INTO `ref_akun_bkpk` VALUES (214, '0769b387-c68a-11ef-acc6-8819e42d3275', '5124', 'Belanja Tunjangan Khusus & Belanja Pegawai Transito', '512', 1);
INSERT INTO `ref_akun_bkpk` VALUES (215, '076a284c-c68a-11ef-acc6-8819e42d3275', '5131', 'Belanja Pensiun dan Uang Tunggu', '513', 1);
INSERT INTO `ref_akun_bkpk` VALUES (216, '076aac75-c68a-11ef-acc6-8819e42d3275', '5132', 'Belanja Program Jaminan Sosial Pegawai', '513', 1);
INSERT INTO `ref_akun_bkpk` VALUES (217, '076b23bd-c68a-11ef-acc6-8819e42d3275', '5133', 'Belanja Tunjangan Kesehatan Veteran', '513', 1);
INSERT INTO `ref_akun_bkpk` VALUES (218, '076b9e38-c68a-11ef-acc6-8819e42d3275', '5134', 'Belanja Cadangan Perubahan Sharing', '513', 1);
INSERT INTO `ref_akun_bkpk` VALUES (219, '076c1119-c68a-11ef-acc6-8819e42d3275', '5135', 'Belanja Program Tabungan Perumahan dari Pemberi Kerja Pegawai', '513', 1);
INSERT INTO `ref_akun_bkpk` VALUES (220, '076c8209-c68a-11ef-acc6-8819e42d3275', '5211', 'Belanja Barang Operasional', '521', 1);
INSERT INTO `ref_akun_bkpk` VALUES (221, '076d0183-c68a-11ef-acc6-8819e42d3275', '5212', 'Belanja Barang Non Operasional', '521', 1);
INSERT INTO `ref_akun_bkpk` VALUES (222, '076d6dc0-c68a-11ef-acc6-8819e42d3275', '5215', 'Belanja Barang Pengganti Pajak Dalam Rangka Hibah MCC', '521', 1);
INSERT INTO `ref_akun_bkpk` VALUES (223, '076dddd4-c68a-11ef-acc6-8819e42d3275', '5217', 'Belanja Kontribusi dan Kompensasi', '521', 1);
INSERT INTO `ref_akun_bkpk` VALUES (224, '076e4c0d-c68a-11ef-acc6-8819e42d3275', '5218', 'Belanja Barang Persediaan', '521', 1);
INSERT INTO `ref_akun_bkpk` VALUES (225, '076eb759-c68a-11ef-acc6-8819e42d3275', '5221', 'Belanja Jasa', '522', 1);
INSERT INTO `ref_akun_bkpk` VALUES (226, '076f2293-c68a-11ef-acc6-8819e42d3275', '5231', 'Belanja Pemeliharaan', '523', 1);
INSERT INTO `ref_akun_bkpk` VALUES (227, '076f9819-c68a-11ef-acc6-8819e42d3275', '5241', 'Belanja Perjalanan Dinas Dalam Negeri', '524', 1);
INSERT INTO `ref_akun_bkpk` VALUES (228, '07700edb-c68a-11ef-acc6-8819e42d3275', '5242', 'Belanja Perjalanan Dinas Luar Negeri', '524', 1);
INSERT INTO `ref_akun_bkpk` VALUES (229, '07707b0f-c68a-11ef-acc6-8819e42d3275', '5251', 'Belanja Barang BLU', '525', 1);
INSERT INTO `ref_akun_bkpk` VALUES (230, '0770e350-c68a-11ef-acc6-8819e42d3275', '5261', 'Belanja Barang untuk diserahkan kepada masyarakat/Pemda', '526', 1);
INSERT INTO `ref_akun_bkpk` VALUES (231, '07714fea-c68a-11ef-acc6-8819e42d3275', '5262', 'Belanja Barang Penunjang Dana Dekonsentrasi dan Tugas Pembantuan untuk Diserahkan kepada Pemerintah Daerah', '526', 1);
INSERT INTO `ref_akun_bkpk` VALUES (232, '0771bd9a-c68a-11ef-acc6-8819e42d3275', '5263', 'Belanja Barang Lainnya untuk diserahkan kepada masyarakat/Pemda', '526', 1);
INSERT INTO `ref_akun_bkpk` VALUES (233, '07723257-c68a-11ef-acc6-8819e42d3275', '5271', 'Belanja Barang untuk Diserahkan kepada Mantan Presiden dan/atau Mantan Wakil Presiden', '527', 1);
INSERT INTO `ref_akun_bkpk` VALUES (234, '0772abb9-c68a-11ef-acc6-8819e42d3275', '5311', 'Belanja Modal Tanah', '531', 1);
INSERT INTO `ref_akun_bkpk` VALUES (235, '07731752-c68a-11ef-acc6-8819e42d3275', '5321', 'Belanja Modal Peralatan dan Mesin', '532', 1);
INSERT INTO `ref_akun_bkpk` VALUES (236, '077379b5-c68a-11ef-acc6-8819e42d3275', '5331', 'Belanja Modal Gedung dan Bangunan', '533', 1);
INSERT INTO `ref_akun_bkpk` VALUES (237, '0773e088-c68a-11ef-acc6-8819e42d3275', '5341', 'Belanja Modal Jalan, Irigasi dan Jaringan', '534', 1);
INSERT INTO `ref_akun_bkpk` VALUES (238, '0774562e-c68a-11ef-acc6-8819e42d3275', '5361', 'Belanja Modal Lainnya', '536', 1);
INSERT INTO `ref_akun_bkpk` VALUES (239, '0774d9bd-c68a-11ef-acc6-8819e42d3275', '5371', 'Belanja Modal BLU', '537', 1);
INSERT INTO `ref_akun_bkpk` VALUES (240, '07754b80-c68a-11ef-acc6-8819e42d3275', '5411', 'Belanja Pembayaran Bunga Utang DN – Jangka Pendek', '541', 1);
INSERT INTO `ref_akun_bkpk` VALUES (241, '0775b9f0-c68a-11ef-acc6-8819e42d3275', '5412', 'Belanja Pembayaran Bunga Utang DN – Jangka Panjang', '541', 1);
INSERT INTO `ref_akun_bkpk` VALUES (242, '07762c6e-c68a-11ef-acc6-8819e42d3275', '5413', 'Belanja Pembayaran Imbalan Surat Berharga Syariah Negara', '541', 1);
INSERT INTO `ref_akun_bkpk` VALUES (243, '07769760-c68a-11ef-acc6-8819e42d3275', '5414', 'Belanja Pembayaran Bunga Utang LN – Jangka Panjang', '541', 1);
INSERT INTO `ref_akun_bkpk` VALUES (244, '07772e0b-c68a-11ef-acc6-8819e42d3275', '5421', 'Belanja Pembayaran Discount Surat Utang Negara', '542', 1);
INSERT INTO `ref_akun_bkpk` VALUES (245, '0777a300-c68a-11ef-acc6-8819e42d3275', '5441', 'Belanja Pembayaran Loss on Bond Redemption atas Pembelian Kembali Obligasi Negara', '544', 1);
INSERT INTO `ref_akun_bkpk` VALUES (246, '077810be-c68a-11ef-acc6-8819e42d3275', '5451', 'Belanja Pembayaran Imbalan Surat Berharga Syariah Negara', '545', 1);
INSERT INTO `ref_akun_bkpk` VALUES (247, '07787923-c68a-11ef-acc6-8819e42d3275', '5471', 'Belanja Pembayaran Denda', '547', 1);
INSERT INTO `ref_akun_bkpk` VALUES (248, '0778e892-c68a-11ef-acc6-8819e42d3275', '5481', 'Belanja Terkait Pendapatan Hibah', '548', 1);
INSERT INTO `ref_akun_bkpk` VALUES (249, '07795ac9-c68a-11ef-acc6-8819e42d3275', '5511', 'Belanja Subsidi Lembaga Keuangan', '551', 1);
INSERT INTO `ref_akun_bkpk` VALUES (250, '0779cf4a-c68a-11ef-acc6-8819e42d3275', '5512', 'Belanja Subsidi Lembaga Non-Keuangan – BBM', '551', 1);
INSERT INTO `ref_akun_bkpk` VALUES (251, '077a42f0-c68a-11ef-acc6-8819e42d3275', '5513', 'Belanja Subsidi Lembaga Non-Keuangan – Non BBM', '551', 1);
INSERT INTO `ref_akun_bkpk` VALUES (252, '077ab45e-c68a-11ef-acc6-8819e42d3275', '5514', 'Belanja Subsidi Lembaga Non-Keuangan – PSO', '551', 1);
INSERT INTO `ref_akun_bkpk` VALUES (253, '077b1cd7-c68a-11ef-acc6-8819e42d3275', '5521', 'Belanja Subsidi Lembaga Keuangan', '552', 1);
INSERT INTO `ref_akun_bkpk` VALUES (254, '077b8c42-c68a-11ef-acc6-8819e42d3275', '5522', 'Belanja Subsidi Lembaga Non-Keuangan', '552', 1);
INSERT INTO `ref_akun_bkpk` VALUES (255, '077c0eb6-c68a-11ef-acc6-8819e42d3275', '5531', 'Belanja Subsidi - Estimasi', '553', 1);
INSERT INTO `ref_akun_bkpk` VALUES (256, '077c8c25-c68a-11ef-acc6-8819e42d3275', '5541', 'Belanja Subsidi - Darurat Bencana', '554', 1);
INSERT INTO `ref_akun_bkpk` VALUES (257, '077cf5fd-c68a-11ef-acc6-8819e42d3275', '5611', 'Belanja Hibah Kepada Pemerintah Luar Negeri', '561', 1);
INSERT INTO `ref_akun_bkpk` VALUES (258, '077d5ef4-c68a-11ef-acc6-8819e42d3275', '5621', 'Belanja Hibah Kepada Organisasi Internasional', '562', 1);
INSERT INTO `ref_akun_bkpk` VALUES (259, '077dca32-c68a-11ef-acc6-8819e42d3275', '5631', 'Belanja Hibah kepada Pemerintah Daerah', '563', 1);
INSERT INTO `ref_akun_bkpk` VALUES (260, '077e3a66-c68a-11ef-acc6-8819e42d3275', '5651', 'Belanja Hibah Lainnya', '565', 1);
INSERT INTO `ref_akun_bkpk` VALUES (261, '077ebc6e-c68a-11ef-acc6-8819e42d3275', '5711', 'Belanja Bantuan Sosial Untuk Rehabilitasi Sosial', '571', 1);
INSERT INTO `ref_akun_bkpk` VALUES (262, '077f2ec0-c68a-11ef-acc6-8819e42d3275', '5721', 'Belanja Bantuan Sosial Untuk Jaminan Sosial', '572', 1);
INSERT INTO `ref_akun_bkpk` VALUES (263, '077fa063-c68a-11ef-acc6-8819e42d3275', '5731', 'Belanja Bantuan Sosial Untuk Pemberdayaan Sosial', '573', 1);
INSERT INTO `ref_akun_bkpk` VALUES (264, '078014a7-c68a-11ef-acc6-8819e42d3275', '5741', 'Belanja Bantuan Sosial Untuk Perlindungan Sosial', '574', 1);
INSERT INTO `ref_akun_bkpk` VALUES (265, '07807de8-c68a-11ef-acc6-8819e42d3275', '5751', 'Belanja Bantuan Sosial Untuk Penanggulangan Kemiskinan', '575', 1);
INSERT INTO `ref_akun_bkpk` VALUES (266, '0780ec17-c68a-11ef-acc6-8819e42d3275', '5761', 'Belanja Bantuan Sosial Untuk Penanggulangan Bencana', '576', 1);
INSERT INTO `ref_akun_bkpk` VALUES (267, '078162f4-c68a-11ef-acc6-8819e42d3275', '5811', 'Belanja Lain-lain Dana Cadangan', '581', 1);
INSERT INTO `ref_akun_bkpk` VALUES (268, '0781d21c-c68a-11ef-acc6-8819e42d3275', '5812', 'Belanja Lain-lain Lembaga Non Kementerian', '581', 1);
INSERT INTO `ref_akun_bkpk` VALUES (269, '07823869-c68a-11ef-acc6-8819e42d3275', '5813', 'Belanja Lain-lain Jasa Pelayanan BUN', '581', 1);
INSERT INTO `ref_akun_bkpk` VALUES (270, '07829f27-c68a-11ef-acc6-8819e42d3275', '5814', 'Belanja Lain-lain BUN', '581', 1);
INSERT INTO `ref_akun_bkpk` VALUES (271, '07830b70-c68a-11ef-acc6-8819e42d3275', '5815', 'Belanja Lain-lain Tanggap Darurat', '581', 1);
INSERT INTO `ref_akun_bkpk` VALUES (272, '07837f5f-c68a-11ef-acc6-8819e42d3275', '5816', 'Belanja Penyesuaian Selisih Kurs Invoice/SPP ke SP2D', '581', 1);
INSERT INTO `ref_akun_bkpk` VALUES (273, '0783efea-c68a-11ef-acc6-8819e42d3275', '5819', 'Belanja Lain-lain Lainnya', '581', 1);
INSERT INTO `ref_akun_bkpk` VALUES (274, '07845ca1-c68a-11ef-acc6-8819e42d3275', '5911', 'Belanja Penyusutan Peralatan dan Mesin', '591', 1);
INSERT INTO `ref_akun_bkpk` VALUES (275, '0784c836-c68a-11ef-acc6-8819e42d3275', '5912', 'Belanja Penyusutan Gedung dan Bangunan', '591', 1);
INSERT INTO `ref_akun_bkpk` VALUES (276, '07854026-c68a-11ef-acc6-8819e42d3275', '5913', 'Belanja Penyusutan Jalan, Irigasi dan Jaringan', '591', 1);
INSERT INTO `ref_akun_bkpk` VALUES (277, '0785b04c-c68a-11ef-acc6-8819e42d3275', '5914', 'Belanja Penyusutan Aset Tetap Lainnya', '591', 1);
INSERT INTO `ref_akun_bkpk` VALUES (278, '07863167-c68a-11ef-acc6-8819e42d3275', '5915', 'Beban Penyusutan Aset Lain-lain', '591', 1);
INSERT INTO `ref_akun_bkpk` VALUES (279, '0786ad43-c68a-11ef-acc6-8819e42d3275', '5916', 'Beban Penyusutan Properti Investasi', '591', 1);
INSERT INTO `ref_akun_bkpk` VALUES (280, '07871d27-c68a-11ef-acc6-8819e42d3275', '5921', 'Belanja Amortisasi Aset Lainnya', '592', 1);
INSERT INTO `ref_akun_bkpk` VALUES (281, '0787879c-c68a-11ef-acc6-8819e42d3275', '5922', 'Belanja Penyusutan Aset Lainnya', '592', 1);
INSERT INTO `ref_akun_bkpk` VALUES (282, '0787f0e9-c68a-11ef-acc6-8819e42d3275', '5931', 'Belanja Persediaan', '593', 1);
INSERT INTO `ref_akun_bkpk` VALUES (283, '07885c27-c68a-11ef-acc6-8819e42d3275', '5932', 'Belanja Persediaan Badan Layanan Umum', '593', 1);
INSERT INTO `ref_akun_bkpk` VALUES (284, '0788cf08-c68a-11ef-acc6-8819e42d3275', '5933', 'Belanja Penyesuaian Nilai Aset', '593', 1);
INSERT INTO `ref_akun_bkpk` VALUES (285, '07894064-c68a-11ef-acc6-8819e42d3275', '5941', 'Belanja Penyisihan Piutang Tidak Tertagih – Piutang Perpajakan', '594', 1);
INSERT INTO `ref_akun_bkpk` VALUES (286, '0789acb4-c68a-11ef-acc6-8819e42d3275', '5942', 'Belanja Penyisihan Piutang Tidak Tertagih - Piutang Bukan Pajak', '594', 1);
INSERT INTO `ref_akun_bkpk` VALUES (287, '078a1a26-c68a-11ef-acc6-8819e42d3275', '5943', 'Belanja Penyisihan Piutang Tidak Tertagih – Bagian Lancar Tagihan Penjualan Angsuran', '594', 1);
INSERT INTO `ref_akun_bkpk` VALUES (288, '078a8b55-c68a-11ef-acc6-8819e42d3275', '5944', 'Belanja Penyisihan Piutang Tidak Tertagih – Bagian Lancar Tagihan Tuntutan Perbendaharaan/TGR', '594', 1);
INSERT INTO `ref_akun_bkpk` VALUES (289, '078af89d-c68a-11ef-acc6-8819e42d3275', '5945', 'Belanja Penyisihan Piutang Tidak Tertagih – Bagian Lancar Investasi Permanen', '594', 1);
INSERT INTO `ref_akun_bkpk` VALUES (290, '078b6c26-c68a-11ef-acc6-8819e42d3275', '5946', 'Belanja Penyisihan Piutang Tidak Tertagih – Piutang dari Kegiatan Operasional BLU', '594', 1);
INSERT INTO `ref_akun_bkpk` VALUES (291, '078be76a-c68a-11ef-acc6-8819e42d3275', '5947', 'Belanja Penyisihan Piutang Tidak Tertagih – Piutang Kegiatan Non Operasional BLU', '594', 1);
INSERT INTO `ref_akun_bkpk` VALUES (292, '078c5927-c68a-11ef-acc6-8819e42d3275', '5948', 'Belanja Dana Bergulir Diragukan Tertagih', '594', 1);
INSERT INTO `ref_akun_bkpk` VALUES (293, '078cc613-c68a-11ef-acc6-8819e42d3275', '5949', 'Belanja Penyisihan Piutang Tidak Tertagih Jangka Panjang', '594', 1);
INSERT INTO `ref_akun_bkpk` VALUES (294, '078d2d08-c68a-11ef-acc6-8819e42d3275', '5951', 'Belanja Aset Ekstrakomtabel', '595', 1);
INSERT INTO `ref_akun_bkpk` VALUES (295, '078daeea-c68a-11ef-acc6-8819e42d3275', '5961', 'Belanja Pelepasan Aset', '596', 1);
INSERT INTO `ref_akun_bkpk` VALUES (296, '078e56b5-c68a-11ef-acc6-8819e42d3275', '5962', 'Kerugian Belum Terealisasi', '596', 1);
INSERT INTO `ref_akun_bkpk` VALUES (297, '078ed174-c68a-11ef-acc6-8819e42d3275', '5963', 'Belanja Pihak Ketiga', '596', 1);
INSERT INTO `ref_akun_bkpk` VALUES (298, '078f4619-c68a-11ef-acc6-8819e42d3275', '5964', 'Belanja Penyesuaian Lainnya', '596', 1);
INSERT INTO `ref_akun_bkpk` VALUES (299, '078fb3f5-c68a-11ef-acc6-8819e42d3275', '5965', 'Penyetoran PNBP oleh BLU ke Kas Negara', '596', 1);
INSERT INTO `ref_akun_bkpk` VALUES (300, '07901b64-c68a-11ef-acc6-8819e42d3275', '5966', 'Beban Lain-Lain', '596', 1);
INSERT INTO `ref_akun_bkpk` VALUES (301, '07908bc2-c68a-11ef-acc6-8819e42d3275', '5971', 'Pembulatan', '597', 1);
INSERT INTO `ref_akun_bkpk` VALUES (302, '0790fca7-c68a-11ef-acc6-8819e42d3275', '5981', 'Suspense Beban', '598', 1);
INSERT INTO `ref_akun_bkpk` VALUES (303, '079166bd-c68a-11ef-acc6-8819e42d3275', '5991', 'Akun Set up A', '599', 1);
INSERT INTO `ref_akun_bkpk` VALUES (304, '0791d7d8-c68a-11ef-acc6-8819e42d3275', '5992', 'Akun Set up B', '599', 1);
INSERT INTO `ref_akun_bkpk` VALUES (305, '079244f1-c68a-11ef-acc6-8819e42d3275', '5993', 'Akun Set Up Bank', '599', 1);
INSERT INTO `ref_akun_bkpk` VALUES (306, '0792b221-c68a-11ef-acc6-8819e42d3275', '6111', 'Belanja Dana Bagi Hasil Pajak Penghasilan Perorangan', '611', 1);
INSERT INTO `ref_akun_bkpk` VALUES (307, '07932590-c68a-11ef-acc6-8819e42d3275', '6112', 'Belanja Dana Bagi Hasil PBB', '611', 1);
INSERT INTO `ref_akun_bkpk` VALUES (308, '07939309-c68a-11ef-acc6-8819e42d3275', '6121', 'Belanja Dana Bagi Hasil-SDA Minyak Bumi', '612', 1);
INSERT INTO `ref_akun_bkpk` VALUES (309, '0793f98c-c68a-11ef-acc6-8819e42d3275', '6122', 'Belanja Dana Bagi Hasil-SDA Gas Bumi', '612', 1);
INSERT INTO `ref_akun_bkpk` VALUES (310, '07947603-c68a-11ef-acc6-8819e42d3275', '6123', 'Belanja Dana Bagi Hasil-SDA Pertambangan Umum', '612', 1);
INSERT INTO `ref_akun_bkpk` VALUES (311, '0794e26c-c68a-11ef-acc6-8819e42d3275', '6124', 'Belanja Dana Bagi Hasil-SDA Pertambangan Panas Bumi', '612', 1);
INSERT INTO `ref_akun_bkpk` VALUES (312, '07954cd4-c68a-11ef-acc6-8819e42d3275', '6125', 'Belanja Dana Bagi Hasil-SDA Kehutanan', '612', 1);
INSERT INTO `ref_akun_bkpk` VALUES (313, '0795c047-c68a-11ef-acc6-8819e42d3275', '6126', 'Belanja Dana Bagi Hasil Perikanan', '612', 1);
INSERT INTO `ref_akun_bkpk` VALUES (314, '0796307d-c68a-11ef-acc6-8819e42d3275', '6127', 'Dana Bagi Hasil – SDA Perkebunan Sawit', '612', 1);
INSERT INTO `ref_akun_bkpk` VALUES (315, '07969c7b-c68a-11ef-acc6-8819e42d3275', '6131', 'Belanja Dana Bagi Hasil Cukai', '613', 1);
INSERT INTO `ref_akun_bkpk` VALUES (316, '07970a1d-c68a-11ef-acc6-8819e42d3275', '6211', 'Dana Alokasi Umum', '621', 1);
INSERT INTO `ref_akun_bkpk` VALUES (317, '07977396-c68a-11ef-acc6-8819e42d3275', '6311', 'Belanja Dana Alokasi Khusus Reguler', '631', 1);
INSERT INTO `ref_akun_bkpk` VALUES (318, '0797e7c8-c68a-11ef-acc6-8819e42d3275', '6312', 'Belanja Dana Alokasi Khusus Infrastruktur Publik Daerah dan Penugasan', '631', 1);
INSERT INTO `ref_akun_bkpk` VALUES (319, '07986ae9-c68a-11ef-acc6-8819e42d3275', '6313', 'Belanja Dana Alokasi Khusus Affirmasi', '631', 1);
INSERT INTO `ref_akun_bkpk` VALUES (320, '0798d889-c68a-11ef-acc6-8819e42d3275', '6314', 'Belanja Tambahan DAK Fisik', '631', 1);
INSERT INTO `ref_akun_bkpk` VALUES (321, '07994c54-c68a-11ef-acc6-8819e42d3275', '6411', 'Belanja Dana Otonomi Khusus Aceh', '641', 1);
INSERT INTO `ref_akun_bkpk` VALUES (322, '0799b9e6-c68a-11ef-acc6-8819e42d3275', '6412', 'Belanja Dana Otonomi Khusus Papua', '641', 1);
INSERT INTO `ref_akun_bkpk` VALUES (323, '079a22a6-c68a-11ef-acc6-8819e42d3275', '6413', 'Belanja Dana Otonomi Khusus Papua Barat', '641', 1);
INSERT INTO `ref_akun_bkpk` VALUES (324, '079a96b8-c68a-11ef-acc6-8819e42d3275', '6421', 'Belanja Dana Keistimewaan Daerah Istimewa Yogyakarta', '642', 1);
INSERT INTO `ref_akun_bkpk` VALUES (325, '079b1103-c68a-11ef-acc6-8819e42d3275', '6431', 'Insentif Fiskal', '643', 1);
INSERT INTO `ref_akun_bkpk` VALUES (326, '079b7e7a-c68a-11ef-acc6-8819e42d3275', '6541', 'Dana Tunjangan Profesi Guru ASN Daerah (TPG) dan Tunjangan Khusus Guru ASN Daerah di Daerah Khusus', '654', 1);
INSERT INTO `ref_akun_bkpk` VALUES (327, '079be81e-c68a-11ef-acc6-8819e42d3275', '6542', 'Dana Tambahan Penghasilan Guru ASN Daerah', '654', 1);
INSERT INTO `ref_akun_bkpk` VALUES (328, '079c529d-c68a-11ef-acc6-8819e42d3275', '6543', 'Belanja Dana Bantuan Operasional Sekolah (BOS)', '654', 1);
INSERT INTO `ref_akun_bkpk` VALUES (329, '079cc1f5-c68a-11ef-acc6-8819e42d3275', '6544', 'Dana Insentif Daerah (DID)', '654', 1);
INSERT INTO `ref_akun_bkpk` VALUES (330, '079d4193-c68a-11ef-acc6-8819e42d3275', '6545', 'Belanja Dana Proyek Pemerintah Daerah dan Desentralisasi (P2D2)', '654', 1);
INSERT INTO `ref_akun_bkpk` VALUES (331, '079db348-c68a-11ef-acc6-8819e42d3275', '6546', 'Belanja Dana Darurat', '654', 1);
INSERT INTO `ref_akun_bkpk` VALUES (332, '079e1e56-c68a-11ef-acc6-8819e42d3275', '6547', 'Dana Bantuan Operasional Kesehatan (BOK), Bantuan Operasional Keluarga Berencana (BOKB), dan Bantuan Biaya Layanan Pengolahan Sampah (BLPS)', '654', 1);
INSERT INTO `ref_akun_bkpk` VALUES (333, '079e8aa6-c68a-11ef-acc6-8819e42d3275', '6548', 'Dana Peningkatan Kapasitas Koperasi, Usaha Kecil, dan Menengah, Ketenagakerjaan, Pelayanan Administrasi Kependudukan dan Pelayanan Kepariwisataan', '654', 1);
INSERT INTO `ref_akun_bkpk` VALUES (334, '079eefe0-c68a-11ef-acc6-8819e42d3275', '6549', 'Dana Bantuan Operasional Penyelenggaraan (BOP) Pendidikan Anak Usia Dini (PAUD), Pendidikan Kesetaraan, dan Museum dan Taman Budaya', '654', 1);
INSERT INTO `ref_akun_bkpk` VALUES (335, '079f620d-c68a-11ef-acc6-8819e42d3275', '6551', 'Dana Desa', '655', 1);
INSERT INTO `ref_akun_bkpk` VALUES (336, '079fe045-c68a-11ef-acc6-8819e42d3275', '6552', 'Dana Pelayanan Perlindungan Perempuan dan Anak', '655', 1);
INSERT INTO `ref_akun_bkpk` VALUES (337, '07a05ac7-c68a-11ef-acc6-8819e42d3275', '6553', 'Dana Fasilitasi Penanaman Modal', '655', 1);
INSERT INTO `ref_akun_bkpk` VALUES (338, '07a0c50d-c68a-11ef-acc6-8819e42d3275', '6554', 'Dana Ketahanan Pangan dan Pertanian', '655', 1);
INSERT INTO `ref_akun_bkpk` VALUES (339, '07a1d188-c68a-11ef-acc6-8819e42d3275', '6555', 'Dana Penguatan Kapasitas Kelembagaan Sentra Industri Kecil dan Menengah', '655', 1);
INSERT INTO `ref_akun_bkpk` VALUES (340, '07a2b88e-c68a-11ef-acc6-8819e42d3275', '6556', 'Dana Bantuan Pengembangan Program Tertentu Daerah', '655', 1);
INSERT INTO `ref_akun_bkpk` VALUES (341, '07a322d1-c68a-11ef-acc6-8819e42d3275', '6611', 'Dana Keistimewaan Daerah Istimewa Yogyakarta', '661', 1);
INSERT INTO `ref_akun_bkpk` VALUES (342, '07a38abf-c68a-11ef-acc6-8819e42d3275', '6621', 'Belanja Dana Desa', '662', 1);
INSERT INTO `ref_akun_bkpk` VALUES (343, '07a3f116-c68a-11ef-acc6-8819e42d3275', '6711', 'Hibah kepada Daerah', '671', 1);
INSERT INTO `ref_akun_bkpk` VALUES (344, '07a45c57-c68a-11ef-acc6-8819e42d3275', '6981', 'Belanja Suspense Transfer', '698', 1);
INSERT INTO `ref_akun_bkpk` VALUES (345, '07a4eb94-c68a-11ef-acc6-8819e42d3275', '7111', 'Penerimaan Pembiayaan Dalam Negeri-Perbankan', '711', 1);
INSERT INTO `ref_akun_bkpk` VALUES (346, '07a55be4-c68a-11ef-acc6-8819e42d3275', '7112', 'Penerimaan Pembiayaan Dalam Negeri - Non-Perbankan', '711', 1);
INSERT INTO `ref_akun_bkpk` VALUES (347, '07a5c221-c68a-11ef-acc6-8819e42d3275', '7113', 'Penerimaan Hasil Penjualan Aset Program Restrukturisasi', '711', 1);
INSERT INTO `ref_akun_bkpk` VALUES (348, '07a62db1-c68a-11ef-acc6-8819e42d3275', '7114', 'Penerimaan dari Penjualan Surat Berharga Negara', '711', 1);
INSERT INTO `ref_akun_bkpk` VALUES (349, '07a698ef-c68a-11ef-acc6-8819e42d3275', '7115', 'Penerimaan Pembiayaan Dana Bergulir', '711', 1);
INSERT INTO `ref_akun_bkpk` VALUES (350, '07a705bb-c68a-11ef-acc6-8819e42d3275', '7116', 'Penerimaan dari Penjualan Surat Berharga Negara-Valuta Asing', '711', 1);
INSERT INTO `ref_akun_bkpk` VALUES (351, '07a7863f-c68a-11ef-acc6-8819e42d3275', '7121', 'Penarikan Pinjaman Tunai', '712', 1);
INSERT INTO `ref_akun_bkpk` VALUES (352, '07a803ed-c68a-11ef-acc6-8819e42d3275', '7122', 'Penarikan Pinjaman Kegiatan', '712', 1);
INSERT INTO `ref_akun_bkpk` VALUES (353, '07a881a9-c68a-11ef-acc6-8819e42d3275', '7131', 'Penerimaan dari Penjadwalan Kembali Pokok Utang Luar Negeri', '713', 1);
INSERT INTO `ref_akun_bkpk` VALUES (354, '07a8fdc2-c68a-11ef-acc6-8819e42d3275', '7141', 'Penerimaan dari Penjadwalan Kembali Bunga Utang Luar Negeri', '714', 1);
INSERT INTO `ref_akun_bkpk` VALUES (355, '07a97a29-c68a-11ef-acc6-8819e42d3275', '7151', 'Penerimaan Cicilan Pengembalian Pemberian Pinjaman Dalam Negeri', '715', 1);
INSERT INTO `ref_akun_bkpk` VALUES (356, '07a9fba9-c68a-11ef-acc6-8819e42d3275', '7152', 'Penerimaan Cicilan Pengembalian Pemberian Pinjaman Luar Negeri', '715', 1);
INSERT INTO `ref_akun_bkpk` VALUES (357, '07aa8198-c68a-11ef-acc6-8819e42d3275', '7171', 'Penerimaan Cicilan Pokok Investasi Pemerintah', '717', 1);
INSERT INTO `ref_akun_bkpk` VALUES (358, '07ab117d-c68a-11ef-acc6-8819e42d3275', '7172', 'Penerimaan yang Berasal dari Penjaminan Pemerintah', '717', 1);
INSERT INTO `ref_akun_bkpk` VALUES (359, '07ab912a-c68a-11ef-acc6-8819e42d3275', '7173', 'Penerimaan yang Berasal dari Manajemen Aset Negara', '717', 1);
INSERT INTO `ref_akun_bkpk` VALUES (360, '07ac0efc-c68a-11ef-acc6-8819e42d3275', '7191', 'Penerimaan Pembiayaan Lain-lain', '719', 1);
INSERT INTO `ref_akun_bkpk` VALUES (361, '07ac9827-c68a-11ef-acc6-8819e42d3275', '7192', 'Penerimaan Piutang Yang Belum Direkonsiliasi', '719', 1);
INSERT INTO `ref_akun_bkpk` VALUES (362, '07ad1c74-c68a-11ef-acc6-8819e42d3275', '7193', 'Penerimaan Pembiayaan atas Pemberian Pinjaman dalam Rangka Penanggulangan Lumpur Sidoarjo', '719', 1);
INSERT INTO `ref_akun_bkpk` VALUES (363, '07ad96a4-c68a-11ef-acc6-8819e42d3275', '7211', 'Pengeluaran Pembiayaan Dalam Negeri – Perbankan', '721', 1);
INSERT INTO `ref_akun_bkpk` VALUES (364, '07ae1896-c68a-11ef-acc6-8819e42d3275', '7212', 'Pengeluaran Pembiayaan Dalam Negeri - Non-Perbankan', '721', 1);
INSERT INTO `ref_akun_bkpk` VALUES (365, '07ae946a-c68a-11ef-acc6-8819e42d3275', '7213', 'Pengeluaran untuk Pembayaran/Pelunasan Surat Berharga Negara', '721', 1);
INSERT INTO `ref_akun_bkpk` VALUES (366, '07af24f8-c68a-11ef-acc6-8819e42d3275', '7214', 'Pengeluaran Pembiayaan Dana Bergulir', '721', 1);
INSERT INTO `ref_akun_bkpk` VALUES (367, '07afc0e6-c68a-11ef-acc6-8819e42d3275', '7215', 'Pengeluaran untuk Pelunasan Surat Berharga Negara - Valuta Asing', '721', 1);
INSERT INTO `ref_akun_bkpk` VALUES (368, '07b03c90-c68a-11ef-acc6-8819e42d3275', '7216', 'Pengeluaran Pembiayaan Pinjaman Dalam Negeri', '721', 1);
INSERT INTO `ref_akun_bkpk` VALUES (369, '07b0b67d-c68a-11ef-acc6-8819e42d3275', '7221', 'Pengeluaran Pembiayaan Cicilan Pokok Utang Luar Negeri – Pinjaman Tunai', '722', 1);
INSERT INTO `ref_akun_bkpk` VALUES (370, '07b14269-c68a-11ef-acc6-8819e42d3275', '7222', 'Pengeluaran Pembiayaan Cicilan Pokok Utang Luar Negeri – Pinjaman Kegiatan', '722', 1);
INSERT INTO `ref_akun_bkpk` VALUES (371, '07b1c609-c68a-11ef-acc6-8819e42d3275', '7224', 'Pengembalian Pinjaman', '722', 1);
INSERT INTO `ref_akun_bkpk` VALUES (372, '07b24985-c68a-11ef-acc6-8819e42d3275', '7231', 'Pelunasan Pokok Utang Luar Negeri melalui Penjadwalan Kembali – Pinjaman Tunai', '723', 1);
INSERT INTO `ref_akun_bkpk` VALUES (373, '07b2c8c6-c68a-11ef-acc6-8819e42d3275', '7232', 'Pelunasan Pokok Utang Luar Negeri melalui Penjadwalan Kembali – Pinjaman Kegiatan', '723', 1);
INSERT INTO `ref_akun_bkpk` VALUES (374, '07b34b80-c68a-11ef-acc6-8819e42d3275', '7233', 'Pelunasan Bunga Utang Luar Negeri melalui Penjadwalan Kembali – Pinjaman Kegiatan', '723', 1);
INSERT INTO `ref_akun_bkpk` VALUES (375, '07b3e53a-c68a-11ef-acc6-8819e42d3275', '7241', 'Penyertaan Modal Negara pada BUMN', '724', 1);
INSERT INTO `ref_akun_bkpk` VALUES (376, '07b46950-c68a-11ef-acc6-8819e42d3275', '7242', 'Penyertaan Modal Negara pada Organisasi/Lembaga Keuangan Internasional', '724', 1);
INSERT INTO `ref_akun_bkpk` VALUES (377, '07b4ee92-c68a-11ef-acc6-8819e42d3275', '7244', 'Penyertaan Modal Negara untuk Pencatatan Surat Berharga dari Hibah', '724', 1);
INSERT INTO `ref_akun_bkpk` VALUES (378, '07b595ac-c68a-11ef-acc6-8819e42d3275', '7249', 'Penyertaan Modal Negara Lainnya', '724', 1);
INSERT INTO `ref_akun_bkpk` VALUES (379, '07b60e0f-c68a-11ef-acc6-8819e42d3275', '7251', 'Pemberian Pinjaman Dalam Negeri RDI/RPD', '725', 1);
INSERT INTO `ref_akun_bkpk` VALUES (380, '07b68830-c68a-11ef-acc6-8819e42d3275', '7252', 'Pemberian Pinjaman Luar Negeri', '725', 1);
INSERT INTO `ref_akun_bkpk` VALUES (381, '07b70a10-c68a-11ef-acc6-8819e42d3275', '7261', 'Dukungan Infrastruktur', '726', 1);
INSERT INTO `ref_akun_bkpk` VALUES (382, '07b77a79-c68a-11ef-acc6-8819e42d3275', '7271', 'Investasi Pemerintah', '727', 1);
INSERT INTO `ref_akun_bkpk` VALUES (383, '07b8157d-c68a-11ef-acc6-8819e42d3275', '7272', 'Investasi Pemerintah Untuk Kemudian Dipinjamkan', '727', 1);
INSERT INTO `ref_akun_bkpk` VALUES (384, '07b88349-c68a-11ef-acc6-8819e42d3275', '7273', 'Investasi Pemerintah dalam Rangka Kewajiban Penjaminan Pemerintah', '727', 1);
INSERT INTO `ref_akun_bkpk` VALUES (385, '07b8ede4-c68a-11ef-acc6-8819e42d3275', '7292', 'Pengeluaran Pembiayaan Untuk Pemberian Pinjaman dalam Rangka Penanggulangan Lumpur Sidoarjo', '729', 1);
INSERT INTO `ref_akun_bkpk` VALUES (386, '07b95c54-c68a-11ef-acc6-8819e42d3275', '7981', 'Suspense Penerimaan Pembiayaan', '798', 1);
INSERT INTO `ref_akun_bkpk` VALUES (387, '07b9ce35-c68a-11ef-acc6-8819e42d3275', '8111', 'Penerimaan PFK 10 % Gaji', '811', 1);
INSERT INTO `ref_akun_bkpk` VALUES (388, '07ba3769-c68a-11ef-acc6-8819e42d3275', '8112', 'Penerimaan PFK 2 % Gaji Terusan', '811', 1);
INSERT INTO `ref_akun_bkpk` VALUES (389, '07baa230-c68a-11ef-acc6-8819e42d3275', '8113', 'Penerimaan PFK Beras BULOG', '811', 1);
INSERT INTO `ref_akun_bkpk` VALUES (390, '07bb1762-c68a-11ef-acc6-8819e42d3275', '8114', 'Penerimaan PFK 3 % Iuran Jaminan Kesehatan Pemerintah Daerah', '811', 1);
INSERT INTO `ref_akun_bkpk` VALUES (391, '07bd9399-c68a-11ef-acc6-8819e42d3275', '8115', 'Penerimaan PFK 2 % Asuransi Bidan/Dokter PTT', '811', 1);
INSERT INTO `ref_akun_bkpk` VALUES (392, '07be0a31-c68a-11ef-acc6-8819e42d3275', '8116', 'Penerimaan Dana PFK Simpanan Peserta Tabungan Perumahan Rakyat', '811', 1);
INSERT INTO `ref_akun_bkpk` VALUES (393, '07be8024-c68a-11ef-acc6-8819e42d3275', '8117', 'Penerimaan Setoran/Potongan PFK 1% Iuran Jaminan Kesehatan Bagi Anggota Keluarga yang Lain', '811', 1);
INSERT INTO `ref_akun_bkpk` VALUES (394, '07bef354-c68a-11ef-acc6-8819e42d3275', '8118', 'Penerimaan PFK Penutupan Rekening', '811', 1);
INSERT INTO `ref_akun_bkpk` VALUES (395, '07bf685d-c68a-11ef-acc6-8819e42d3275', '8119', 'Penerimaan PFK Lain-lain', '811', 1);
INSERT INTO `ref_akun_bkpk` VALUES (396, '07bfdfc1-c68a-11ef-acc6-8819e42d3275', '8121', 'Penerimaan Wesel Pemerintah', '812', 1);
INSERT INTO `ref_akun_bkpk` VALUES (397, '07c05a02-c68a-11ef-acc6-8819e42d3275', '8131', 'Penerimaan Reimburesement Dalam Rangka Prefinancing (PP) dan PFK BUN Lainnya', '813', 1);
INSERT INTO `ref_akun_bkpk` VALUES (398, '07c0e091-c68a-11ef-acc6-8819e42d3275', '8141', 'Penerimaan Kiriman Uang', '814', 1);
INSERT INTO `ref_akun_bkpk` VALUES (399, '07c15d14-c68a-11ef-acc6-8819e42d3275', '8142', 'Penerimaan Kiriman Uang Dalam Rangka Reksus', '814', 1);
INSERT INTO `ref_akun_bkpk` VALUES (400, '07c1c726-c68a-11ef-acc6-8819e42d3275', '8143', 'Penerimaan Pemindahbukuan', '814', 1);
INSERT INTO `ref_akun_bkpk` VALUES (401, '07c241a0-c68a-11ef-acc6-8819e42d3275', '8144', 'Penerimaan Pemindahbukuan Penutupan Rekening', '814', 1);
INSERT INTO `ref_akun_bkpk` VALUES (402, '07c2b8e9-c68a-11ef-acc6-8819e42d3275', '8145', 'Penerimaan Pemindahbukuan Dalam Rangka Penempatan', '814', 1);
INSERT INTO `ref_akun_bkpk` VALUES (403, '07c3446d-c68a-11ef-acc6-8819e42d3275', '8146', 'Penerimaan Pemindahbukuan II', '814', 1);
INSERT INTO `ref_akun_bkpk` VALUES (404, '07c3c04b-c68a-11ef-acc6-8819e42d3275', '8147', 'Penerimaan Pemindahbukuan dalam Rangka Treasury Dealing Room', '814', 1);
INSERT INTO `ref_akun_bkpk` VALUES (405, '07c432c8-c68a-11ef-acc6-8819e42d3275', '8151', 'Penerimaan Transito', '815', 1);
INSERT INTO `ref_akun_bkpk` VALUES (406, '07c4979a-c68a-11ef-acc6-8819e42d3275', '8153', 'Penerimaan Persekot/Uang Muka', '815', 1);
INSERT INTO `ref_akun_bkpk` VALUES (407, '07c50672-c68a-11ef-acc6-8819e42d3275', '8154', 'Suspense Currency Loan', '815', 1);
INSERT INTO `ref_akun_bkpk` VALUES (408, '07c5781c-c68a-11ef-acc6-8819e42d3275', '8155', 'Penerimaan Transito Tambahan Uang Persediaan', '815', 1);
INSERT INTO `ref_akun_bkpk` VALUES (409, '07c5ef57-c68a-11ef-acc6-8819e42d3275', '8156', 'Penerimaan Escrow', '815', 1);
INSERT INTO `ref_akun_bkpk` VALUES (410, '07c6687a-c68a-11ef-acc6-8819e42d3275', '8157', 'Transito Diskonto Surat Berharga Negara', '815', 1);
INSERT INTO `ref_akun_bkpk` VALUES (411, '07c6d52b-c68a-11ef-acc6-8819e42d3275', '8158', 'Penerimaan Transito Pengalihan Piutang Pemerintah', '815', 1);
INSERT INTO `ref_akun_bkpk` VALUES (412, '07c74712-c68a-11ef-acc6-8819e42d3275', '8161', 'Koreksi Pengeluaran Pemindahbukuan', '816', 1);
INSERT INTO `ref_akun_bkpk` VALUES (413, '07c7bd5f-c68a-11ef-acc6-8819e42d3275', '8162', 'Penerimaan Jasa Perbankan', '816', 1);
INSERT INTO `ref_akun_bkpk` VALUES (414, '07c833ff-c68a-11ef-acc6-8819e42d3275', '8163', 'Penerimaan Koreksi Pembukuan Perbankan', '816', 1);
INSERT INTO `ref_akun_bkpk` VALUES (415, '07c8accd-c68a-11ef-acc6-8819e42d3275', '8164', 'Reklasifikasi Kelebihan Penerimaan', '816', 1);
INSERT INTO `ref_akun_bkpk` VALUES (416, '07ca18ac-c68a-11ef-acc6-8819e42d3275', '8171', 'Penerimaan Non Anggaran Pihak Ketiga', '817', 1);
INSERT INTO `ref_akun_bkpk` VALUES (417, '07ca8d6e-c68a-11ef-acc6-8819e42d3275', '8172', 'Penerimaan Non Anggaran Pihak Ketiga Rekening Pemerintah Lainnya', '817', 1);
INSERT INTO `ref_akun_bkpk` VALUES (418, '07cb1b52-c68a-11ef-acc6-8819e42d3275', '8173', 'Penerimaan Non Anggaran Pihak Ketiga Migas', '817', 1);
INSERT INTO `ref_akun_bkpk` VALUES (419, '07cb9ae3-c68a-11ef-acc6-8819e42d3275', '8174', 'Penerimaan Non Anggaran Pihak Ketiga Non Migas', '817', 1);
INSERT INTO `ref_akun_bkpk` VALUES (420, '07cc14ae-c68a-11ef-acc6-8819e42d3275', '8175', 'Penerimaan Non Anggaran Pihak Ketiga dalam Rekening Khusus', '817', 1);
INSERT INTO `ref_akun_bkpk` VALUES (421, '07cc839b-c68a-11ef-acc6-8819e42d3275', '8176', 'Penerimaan Non Anggaran Pihak Ketiga Optimalisasi Kas dan Penempatan Lainnya', '817', 1);
INSERT INTO `ref_akun_bkpk` VALUES (422, '07ccf5fa-c68a-11ef-acc6-8819e42d3275', '8177', 'Penerimaan Non Anggaran Pihak Ketiga Setoran/Potongan Pajak Rokok dan Piutang Lainnya', '817', 1);
INSERT INTO `ref_akun_bkpk` VALUES (423, '07cd5f0a-c68a-11ef-acc6-8819e42d3275', '8179', 'Penerimaan Non Anggaran Pihak Ketiga karena kesalahan Sistem Perbankan', '817', 1);
INSERT INTO `ref_akun_bkpk` VALUES (424, '07cde49f-c68a-11ef-acc6-8819e42d3275', '8181', 'Kiriman Uang antar Rekening Bank', '818', 1);
INSERT INTO `ref_akun_bkpk` VALUES (425, '07ce4d1b-c68a-11ef-acc6-8819e42d3275', '8211', 'Pengeluaran Perhitungan Fihak Ketiga 10% Gaji', '821', 1);
INSERT INTO `ref_akun_bkpk` VALUES (426, '07ceb0c4-c68a-11ef-acc6-8819e42d3275', '8212', 'Pengembalian Penerimaan Perhitungan Fihak Ketiga (PFK) 2% Gaji Terusan', '821', 1);
INSERT INTO `ref_akun_bkpk` VALUES (427, '07cf1a15-c68a-11ef-acc6-8819e42d3275', '8213', 'Pengembalian Penerimaan Perhitungan Fihak Ketiga (PFK) Beras Bulog', '821', 1);
INSERT INTO `ref_akun_bkpk` VALUES (428, '07cf81f5-c68a-11ef-acc6-8819e42d3275', '8214', 'Pengembalian Penerimaan PFK 3% Iuran Jaminan Kesehatan', '821', 1);
INSERT INTO `ref_akun_bkpk` VALUES (429, '07d0026d-c68a-11ef-acc6-8819e42d3275', '8215', 'Pengembalian Penerimaan PFK 2 % Asuransi Bidan/Dokter PTT', '821', 1);
INSERT INTO `ref_akun_bkpk` VALUES (430, '07d07ae6-c68a-11ef-acc6-8819e42d3275', '8216', 'Pengembalian Penerimaan PFK Simpanan Peserta Tabungan Perumahan Rakyat', '821', 1);
INSERT INTO `ref_akun_bkpk` VALUES (431, '07d0f0c4-c68a-11ef-acc6-8819e42d3275', '8217', 'Pengembalian Penerimaan Perhitungan Fihak Ketiga (PFK) 1% Gaji', '821', 1);
INSERT INTO `ref_akun_bkpk` VALUES (432, '07d1598b-c68a-11ef-acc6-8819e42d3275', '8218', 'Pengembalian Penerimaan PFK Penutupan Rekening', '821', 1);
INSERT INTO `ref_akun_bkpk` VALUES (433, '07d1c8e9-c68a-11ef-acc6-8819e42d3275', '8219', 'Pengembalian Penerimaan PFK Lain-lain', '821', 1);
INSERT INTO `ref_akun_bkpk` VALUES (434, '07d23474-c68a-11ef-acc6-8819e42d3275', '8221', 'Pelunasan Wesel Pemerintah', '822', 1);
INSERT INTO `ref_akun_bkpk` VALUES (435, '07d2bfc0-c68a-11ef-acc6-8819e42d3275', '8231', 'Pembayaran PFK Prefinancing dan PFK BUN Lainnya', '823', 1);
INSERT INTO `ref_akun_bkpk` VALUES (436, '07d33264-c68a-11ef-acc6-8819e42d3275', '8241', 'Pengeluaran Kiriman Uang', '824', 1);
INSERT INTO `ref_akun_bkpk` VALUES (437, '07d39a14-c68a-11ef-acc6-8819e42d3275', '8242', 'Pengeluaran Kiriman Uang Dalam Rangka Reksus', '824', 1);
INSERT INTO `ref_akun_bkpk` VALUES (438, '07d40733-c68a-11ef-acc6-8819e42d3275', '8243', 'Pengeluaran Pemindahbukuan', '824', 1);
INSERT INTO `ref_akun_bkpk` VALUES (439, '07d47934-c68a-11ef-acc6-8819e42d3275', '8244', 'Pengeluaran Pemindahbukuan Penutupan Rekening', '824', 1);
INSERT INTO `ref_akun_bkpk` VALUES (440, '07d4eb46-c68a-11ef-acc6-8819e42d3275', '8245', 'Pengeluaran Pemindahbukuan Dalam Rangka Penempatan', '824', 1);
INSERT INTO `ref_akun_bkpk` VALUES (441, '07d55b2a-c68a-11ef-acc6-8819e42d3275', '8246', 'Pengeluaran Pemindahbukuan II', '824', 1);
INSERT INTO `ref_akun_bkpk` VALUES (442, '07d5d11a-c68a-11ef-acc6-8819e42d3275', '8247', 'Pengeluaran Pemindahbukuan dalam Rangka Treasury Dealing Room', '824', 1);
INSERT INTO `ref_akun_bkpk` VALUES (443, '07d63bfc-c68a-11ef-acc6-8819e42d3275', '8251', 'Pengeluaran Transito', '825', 1);
INSERT INTO `ref_akun_bkpk` VALUES (444, '07d6a96b-c68a-11ef-acc6-8819e42d3275', '8252', 'Suspense TUP', '825', 1);
INSERT INTO `ref_akun_bkpk` VALUES (445, '07d71c83-c68a-11ef-acc6-8819e42d3275', '8253', 'Pengeluaran Persekot/Uang Muka', '825', 1);
INSERT INTO `ref_akun_bkpk` VALUES (446, '07d79871-c68a-11ef-acc6-8819e42d3275', '8255', 'Pengeluaran Transito Tambahan Uang Persediaan', '825', 1);
INSERT INTO `ref_akun_bkpk` VALUES (447, '07d81a12-c68a-11ef-acc6-8819e42d3275', '8256', 'Pengeluaran Escrow', '825', 1);
INSERT INTO `ref_akun_bkpk` VALUES (448, '07d88734-c68a-11ef-acc6-8819e42d3275', '8257', 'Pengeluaran Transito Diskonto Surat Berharga Negara', '825', 1);
INSERT INTO `ref_akun_bkpk` VALUES (449, '07d8ef98-c68a-11ef-acc6-8819e42d3275', '8258', 'Pengeluaran Transito Pengalihan Piutang Pemerintah', '825', 1);
INSERT INTO `ref_akun_bkpk` VALUES (450, '07d95fe7-c68a-11ef-acc6-8819e42d3275', '8261', 'Koreksi Penerimaan Pemindahbukuan', '826', 1);
INSERT INTO `ref_akun_bkpk` VALUES (451, '07d9d173-c68a-11ef-acc6-8819e42d3275', '8264', 'Pengembalian Atas Reklasifikasi Kelebihan', '826', 1);
INSERT INTO `ref_akun_bkpk` VALUES (452, '07da4f3f-c68a-11ef-acc6-8819e42d3275', '8271', 'Pengeluaran Non Anggaran Pihak Ketiga', '827', 1);
INSERT INTO `ref_akun_bkpk` VALUES (453, '07dac33a-c68a-11ef-acc6-8819e42d3275', '8272', 'Pengeluaran Non Anggaran Pihak Ketiga Rekening Pemerintah Lainnya', '827', 1);
INSERT INTO `ref_akun_bkpk` VALUES (454, '07db2e33-c68a-11ef-acc6-8819e42d3275', '8273', 'Pengeluaran Non Anggaran Pihak Ketiga Migas', '827', 1);
INSERT INTO `ref_akun_bkpk` VALUES (455, '07dba27a-c68a-11ef-acc6-8819e42d3275', '8274', 'Pengeluaran Non Anggaran Pihak Ketiga Non Migas', '827', 1);
INSERT INTO `ref_akun_bkpk` VALUES (456, '07dc1288-c68a-11ef-acc6-8819e42d3275', '8275', 'Pengeluaran Non Anggaran Pihak Ketiga dalam Rekening Khusus', '827', 1);
INSERT INTO `ref_akun_bkpk` VALUES (457, '07dc7b6c-c68a-11ef-acc6-8819e42d3275', '8276', 'Pengeluaran Non Anggaran Pihak Ketiga Optimalisasi Kas dan Penempatan Lainnya', '827', 1);
INSERT INTO `ref_akun_bkpk` VALUES (458, '07dcf683-c68a-11ef-acc6-8819e42d3275', '8277', 'Pengembalian Penerimaan Non Anggaran Pihak Ketiga Setoran/Potongan Pajak Rokok dan Piutang Lainnya', '827', 1);
INSERT INTO `ref_akun_bkpk` VALUES (459, '07dd6ed5-c68a-11ef-acc6-8819e42d3275', '8279', 'Pengeluaran Non Anggaran Pihak Ketiga karena kesalahan Sistem Perbankan', '827', 1);
INSERT INTO `ref_akun_bkpk` VALUES (460, '07dddcf1-c68a-11ef-acc6-8819e42d3275', '8281', 'Kiriman Uang antar Rekening Bank', '828', 1);
INSERT INTO `ref_akun_bkpk` VALUES (461, '07de4f12-c68a-11ef-acc6-8819e42d3275', '8311', 'Output Kinerja', '831', 1);

-- ----------------------------
-- Table structure for ref_akun_group_bkpk
-- ----------------------------
DROP TABLE IF EXISTS `ref_akun_group_bkpk`;
CREATE TABLE `ref_akun_group_bkpk`  (
  `id` int(11) NOT NULL AUTO_INCREMENT,
  `uuid` varchar(36) CHARACTER SET latin1 COLLATE latin1_swedish_ci NULL DEFAULT NULL,
  `code` varchar(25) CHARACTER SET latin1 COLLATE latin1_swedish_ci NULL DEFAULT NULL,
  `name` varchar(255) CHARACTER SET latin1 COLLATE latin1_swedish_ci NULL DEFAULT NULL,
  `jenis_belanja_code` varchar(25) CHARACTER SET latin1 COLLATE latin1_swedish_ci NULL DEFAULT NULL,
  `is_active` int(1) NULL DEFAULT NULL,
  PRIMARY KEY (`id`) USING BTREE,
  INDEX `jenis_belanja_code`(`jenis_belanja_code`) USING BTREE,
  INDEX `is_active`(`is_active`) USING BTREE
) ENGINE = InnoDB AUTO_INCREMENT = 42 CHARACTER SET = latin1 COLLATE = latin1_swedish_ci ROW_FORMAT = DYNAMIC;

-- ----------------------------
-- Records of ref_akun_group_bkpk
-- ----------------------------
INSERT INTO `ref_akun_group_bkpk` VALUES (1, '06973e18-c68a-11ef-acc6-8819e42d3275', '11', 'ASET LANCAR', '1', 1);
INSERT INTO `ref_akun_group_bkpk` VALUES (2, '0697dab9-c68a-11ef-acc6-8819e42d3275', '12', 'INVESTASI JANGKA PANJANG', '1', 1);
INSERT INTO `ref_akun_group_bkpk` VALUES (3, '06985069-c68a-11ef-acc6-8819e42d3275', '13', 'ASET TETAP', '1', 1);
INSERT INTO `ref_akun_group_bkpk` VALUES (4, '0698c809-c68a-11ef-acc6-8819e42d3275', '14', 'DANA CADANGAN', '1', 1);
INSERT INTO `ref_akun_group_bkpk` VALUES (5, '06993f67-c68a-11ef-acc6-8819e42d3275', '15', 'PIUTANG JANGKA PANJANG', '1', 1);
INSERT INTO `ref_akun_group_bkpk` VALUES (6, '0699ecec-c68a-11ef-acc6-8819e42d3275', '16', 'ASET LAINNYA', '1', 1);
INSERT INTO `ref_akun_group_bkpk` VALUES (7, '069a7ac7-c68a-11ef-acc6-8819e42d3275', '19', 'AKUN SETUP', '1', 1);
INSERT INTO `ref_akun_group_bkpk` VALUES (8, '069afcab-c68a-11ef-acc6-8819e42d3275', '21', 'KEWAJIBAN JANGKA PENDEK', '2', 1);
INSERT INTO `ref_akun_group_bkpk` VALUES (9, '069b869a-c68a-11ef-acc6-8819e42d3275', '22', 'KEWAJIBAN JANGKA PANJANG', '2', 1);
INSERT INTO `ref_akun_group_bkpk` VALUES (10, '069bfc06-c68a-11ef-acc6-8819e42d3275', '23', 'DICADANGKAN UNTUK KOMITMEN BELANJA', '2', 1);
INSERT INTO `ref_akun_group_bkpk` VALUES (11, '069c9924-c68a-11ef-acc6-8819e42d3275', '29', 'AKUN SETUP', '2', 1);
INSERT INTO `ref_akun_group_bkpk` VALUES (12, '069d1822-c68a-11ef-acc6-8819e42d3275', '31', 'EKUITAS', '3', 1);
INSERT INTO `ref_akun_group_bkpk` VALUES (13, '069d8be5-c68a-11ef-acc6-8819e42d3275', '32', 'EKUITAS DANA INVESTASI', '3', 1);
INSERT INTO `ref_akun_group_bkpk` VALUES (14, '069e14e7-c68a-11ef-acc6-8819e42d3275', '39', 'EKUITAS', '3', 1);
INSERT INTO `ref_akun_group_bkpk` VALUES (15, '069e92a8-c68a-11ef-acc6-8819e42d3275', '41', 'PENDAPATAN PERPAJAKAN', '4', 1);
INSERT INTO `ref_akun_group_bkpk` VALUES (16, '069f0b7e-c68a-11ef-acc6-8819e42d3275', '42', 'PENDAPATAN PENERIMAAN NEGARA BUKAN PAJAK', '4', 1);
INSERT INTO `ref_akun_group_bkpk` VALUES (17, '069f851a-c68a-11ef-acc6-8819e42d3275', '43', 'PENDAPATAN HIBAH', '4', 1);
INSERT INTO `ref_akun_group_bkpk` VALUES (18, '069ffc38-c68a-11ef-acc6-8819e42d3275', '49', 'PENDAPATAN PENYESUAIAN', '4', 1);
INSERT INTO `ref_akun_group_bkpk` VALUES (19, '06a08b2e-c68a-11ef-acc6-8819e42d3275', '51', 'BELANJA PEGAWAI', '5', 1);
INSERT INTO `ref_akun_group_bkpk` VALUES (20, '06a10a80-c68a-11ef-acc6-8819e42d3275', '52', 'BELANJA BARANG DAN BARANG', '5', 1);
INSERT INTO `ref_akun_group_bkpk` VALUES (21, '06a1b55a-c68a-11ef-acc6-8819e42d3275', '53', 'BELANJA MODAL', '5', 1);
INSERT INTO `ref_akun_group_bkpk` VALUES (22, '06a22ed8-c68a-11ef-acc6-8819e42d3275', '54', 'BELANJA PEMBAYARAN KEWAJIBAN UTANG', '5', 1);
INSERT INTO `ref_akun_group_bkpk` VALUES (23, '06a2ccba-c68a-11ef-acc6-8819e42d3275', '55', 'BELANJA SUBSIDI', '5', 1);
INSERT INTO `ref_akun_group_bkpk` VALUES (24, '06a34337-c68a-11ef-acc6-8819e42d3275', '56', 'BELANJA HIBAH', '5', 1);
INSERT INTO `ref_akun_group_bkpk` VALUES (25, '06a3bcaa-c68a-11ef-acc6-8819e42d3275', '57', 'BELANJA BANTUAN SOSIAL', '5', 1);
INSERT INTO `ref_akun_group_bkpk` VALUES (26, '06a49a9b-c68a-11ef-acc6-8819e42d3275', '58', 'BELANJA LAIN-LAIN', '5', 1);
INSERT INTO `ref_akun_group_bkpk` VALUES (27, '06a522b9-c68a-11ef-acc6-8819e42d3275', '59', 'BELANJA PENYESUAIAN', '5', 1);
INSERT INTO `ref_akun_group_bkpk` VALUES (28, '06a59864-c68a-11ef-acc6-8819e42d3275', '61', 'BELANJA DANA BAGI HASIL', '6', 1);
INSERT INTO `ref_akun_group_bkpk` VALUES (29, '06a60fce-c68a-11ef-acc6-8819e42d3275', '62', 'BELANJA DANA ALOKASI UMUM', '6', 1);
INSERT INTO `ref_akun_group_bkpk` VALUES (30, '06a6b936-c68a-11ef-acc6-8819e42d3275', '63', 'BELANJA DANA ALOKASI KHUSUS FISIK', '6', 1);
INSERT INTO `ref_akun_group_bkpk` VALUES (31, '06a73bd6-c68a-11ef-acc6-8819e42d3275', '64', 'BELANJA DANA OTONOMI KHUSUS, DANA KEISTIMEWAAN DAERAH ISTIMEWA YOGYAKARTA, DAN DANA INSENTIF DAERAH', '6', 1);
INSERT INTO `ref_akun_group_bkpk` VALUES (32, '06a7b2ad-c68a-11ef-acc6-8819e42d3275', '65', 'DANA ALOKASI KHUSUS NON FISIK', '6', 1);
INSERT INTO `ref_akun_group_bkpk` VALUES (33, '06a831d8-c68a-11ef-acc6-8819e42d3275', '66', 'BELANJA DANA DESA', '6', 1);
INSERT INTO `ref_akun_group_bkpk` VALUES (34, '06a8a888-c68a-11ef-acc6-8819e42d3275', '67', 'HIBAH KEPADA DAERAH', '6', 1);
INSERT INTO `ref_akun_group_bkpk` VALUES (35, '06a94ecc-c68a-11ef-acc6-8819e42d3275', '69', 'BELANJA TRANSFER LAIN-LAIN', '6', 1);
INSERT INTO `ref_akun_group_bkpk` VALUES (36, '06a9d3ab-c68a-11ef-acc6-8819e42d3275', '71', 'PENERIMAAN PEMBIAYAAN', '7', 1);
INSERT INTO `ref_akun_group_bkpk` VALUES (37, '06aa6a49-c68a-11ef-acc6-8819e42d3275', '72', 'PENGELUARAN PEMBIAYAAN', '7', 1);
INSERT INTO `ref_akun_group_bkpk` VALUES (38, '06aae81a-c68a-11ef-acc6-8819e42d3275', '79', 'PENGELUARAN PEMBIAYAAN LAIN-LAIN', '7', 1);
INSERT INTO `ref_akun_group_bkpk` VALUES (39, '06ab6be2-c68a-11ef-acc6-8819e42d3275', '81', 'PENERIMAAN NON ANGGARAN', '8', 1);
INSERT INTO `ref_akun_group_bkpk` VALUES (40, '06ac3078-c68a-11ef-acc6-8819e42d3275', '82', 'PENGELUARAN NON ANGGARAN', '8', 1);
INSERT INTO `ref_akun_group_bkpk` VALUES (41, '06aca65d-c68a-11ef-acc6-8819e42d3275', '83', 'Output Kinerja', '8', 1);

-- ----------------------------
-- Table structure for ref_akun_jenis_belanja
-- ----------------------------
DROP TABLE IF EXISTS `ref_akun_jenis_belanja`;
CREATE TABLE `ref_akun_jenis_belanja`  (
  `id` int(11) NOT NULL AUTO_INCREMENT,
  `uuid` varchar(36) CHARACTER SET latin1 COLLATE latin1_swedish_ci NULL DEFAULT NULL,
  `code` varchar(25) CHARACTER SET latin1 COLLATE latin1_swedish_ci NULL DEFAULT NULL,
  `name` varchar(255) CHARACTER SET latin1 COLLATE latin1_swedish_ci NULL DEFAULT NULL,
  `is_active` int(1) NULL DEFAULT NULL,
  PRIMARY KEY (`id`) USING BTREE,
  INDEX `is_active`(`is_active`) USING BTREE
) ENGINE = InnoDB AUTO_INCREMENT = 9 CHARACTER SET = latin1 COLLATE = latin1_swedish_ci ROW_FORMAT = DYNAMIC;

-- ----------------------------
-- Records of ref_akun_jenis_belanja
-- ----------------------------
INSERT INTO `ref_akun_jenis_belanja` VALUES (1, '0691196f-c68a-11ef-acc6-8819e42d3275', '1', 'ASET', 1);
INSERT INTO `ref_akun_jenis_belanja` VALUES (2, '06932882-c68a-11ef-acc6-8819e42d3275', '2', 'KEWAJIBAN', 1);
INSERT INTO `ref_akun_jenis_belanja` VALUES (3, '0693ab0f-c68a-11ef-acc6-8819e42d3275', '3', 'EKUITAS', 1);
INSERT INTO `ref_akun_jenis_belanja` VALUES (4, '0694d89a-c68a-11ef-acc6-8819e42d3275', '4', 'PENDAPATAN NEGARA', 1);
INSERT INTO `ref_akun_jenis_belanja` VALUES (5, '0695506f-c68a-11ef-acc6-8819e42d3275', '5', 'BELANJA NEGARA', 1);
INSERT INTO `ref_akun_jenis_belanja` VALUES (6, '0695c095-c68a-11ef-acc6-8819e42d3275', '6', 'BELANJA TRANSFER KE DAERAH DAN DANA DESA', 1);
INSERT INTO `ref_akun_jenis_belanja` VALUES (7, '069630f5-c68a-11ef-acc6-8819e42d3275', '7', 'PEMBIAYAAN', 1);
INSERT INTO `ref_akun_jenis_belanja` VALUES (8, '0696bce7-c68a-11ef-acc6-8819e42d3275', '8', 'NON ANGGARAN', 1);

-- ----------------------------
-- Table structure for ref_akun_kelompok_akun
-- ----------------------------
DROP TABLE IF EXISTS `ref_akun_kelompok_akun`;
CREATE TABLE `ref_akun_kelompok_akun`  (
  `id` int(11) NOT NULL AUTO_INCREMENT,
  `uuid` varchar(36) CHARACTER SET latin1 COLLATE latin1_swedish_ci NULL DEFAULT NULL,
  `code` varchar(25) CHARACTER SET latin1 COLLATE latin1_swedish_ci NULL DEFAULT NULL,
  `name` varchar(255) CHARACTER SET latin1 COLLATE latin1_swedish_ci NULL DEFAULT NULL,
  `kelompok_bkpk_code` varchar(25) CHARACTER SET latin1 COLLATE latin1_swedish_ci NULL DEFAULT NULL,
  `is_active` int(1) NULL DEFAULT NULL,
  PRIMARY KEY (`id`) USING BTREE,
  INDEX `kelompok_bkpk_code`(`kelompok_bkpk_code`) USING BTREE,
  INDEX `is_active`(`is_active`) USING BTREE
) ENGINE = InnoDB AUTO_INCREMENT = 1021 CHARACTER SET = latin1 COLLATE = latin1_swedish_ci ROW_FORMAT = DYNAMIC;

-- ----------------------------
-- Table structure for ref_akun_kelompok_bkpk
-- ----------------------------
DROP TABLE IF EXISTS `ref_akun_kelompok_bkpk`;
CREATE TABLE `ref_akun_kelompok_bkpk`  (
  `id` int(11) NOT NULL AUTO_INCREMENT,
  `uuid` varchar(36) CHARACTER SET latin1 COLLATE latin1_swedish_ci NULL DEFAULT NULL,
  `code` varchar(25) CHARACTER SET latin1 COLLATE latin1_swedish_ci NULL DEFAULT NULL,
  `name` varchar(255) CHARACTER SET latin1 COLLATE latin1_swedish_ci NULL DEFAULT NULL,
  `group_bkpk_code` varchar(25) CHARACTER SET latin1 COLLATE latin1_swedish_ci NULL DEFAULT NULL,
  `is_active` int(1) NULL DEFAULT NULL,
  PRIMARY KEY (`id`) USING BTREE,
  INDEX `group_bkpk_code`(`group_bkpk_code`) USING BTREE,
  INDEX `is_active`(`is_active`) USING BTREE
) ENGINE = InnoDB AUTO_INCREMENT = 161 CHARACTER SET = latin1 COLLATE = latin1_swedish_ci ROW_FORMAT = DYNAMIC;

-- ----------------------------
-- Records of ref_akun_kelompok_bkpk
-- ----------------------------
INSERT INTO `ref_akun_kelompok_bkpk` VALUES (1, '06ad2160-c68a-11ef-acc6-8819e42d3275', '111', 'KAS DAN SETARA KAS', '11', 1);
INSERT INTO `ref_akun_kelompok_bkpk` VALUES (2, '06ad9449-c68a-11ef-acc6-8819e42d3275', '112', 'UANG MUKA REKENING BUN', '11', 1);
INSERT INTO `ref_akun_kelompok_bkpk` VALUES (3, '06ae5248-c68a-11ef-acc6-8819e42d3275', '113', 'INVESTASI JANGKA PENDEK', '11', 1);
INSERT INTO `ref_akun_kelompok_bkpk` VALUES (4, '06af39eb-c68a-11ef-acc6-8819e42d3275', '114', 'BELANJA DIBAYAR DI MUKA, UANG MUKA BELANJA, DAN PENDAPATAN YANG MASIH HARUS DITERIMA', '11', 1);
INSERT INTO `ref_akun_kelompok_bkpk` VALUES (5, '06afb514-c68a-11ef-acc6-8819e42d3275', '115', 'Piutang', '11', 1);
INSERT INTO `ref_akun_kelompok_bkpk` VALUES (6, '06b02169-c68a-11ef-acc6-8819e42d3275', '116', 'Penyisihan Piutang Tak Tertagih', '11', 1);
INSERT INTO `ref_akun_kelompok_bkpk` VALUES (7, '06b0dfe2-c68a-11ef-acc6-8819e42d3275', '117', 'Persediaan', '11', 1);
INSERT INTO `ref_akun_kelompok_bkpk` VALUES (8, '06b16c9a-c68a-11ef-acc6-8819e42d3275', '118', 'PIUTANG PFK', '11', 1);
INSERT INTO `ref_akun_kelompok_bkpk` VALUES (9, '06b1e0ee-c68a-11ef-acc6-8819e42d3275', '121', 'Investasi Jangka Panjang Non Permanen', '12', 1);
INSERT INTO `ref_akun_kelompok_bkpk` VALUES (10, '06b259c5-c68a-11ef-acc6-8819e42d3275', '122', 'Investasi Jangka Panjang Permanen', '12', 1);
INSERT INTO `ref_akun_kelompok_bkpk` VALUES (11, '06b2d2b2-c68a-11ef-acc6-8819e42d3275', '123', 'Dana Bergulir Diragukan Tertagih', '12', 1);
INSERT INTO `ref_akun_kelompok_bkpk` VALUES (12, '06b3a4a3-c68a-11ef-acc6-8819e42d3275', '131', 'Tanah', '13', 1);
INSERT INTO `ref_akun_kelompok_bkpk` VALUES (13, '06b419ea-c68a-11ef-acc6-8819e42d3275', '132', 'Peralatan dan Mesin', '13', 1);
INSERT INTO `ref_akun_kelompok_bkpk` VALUES (14, '06b48ddb-c68a-11ef-acc6-8819e42d3275', '133', 'Gedung dan Bangunan', '13', 1);
INSERT INTO `ref_akun_kelompok_bkpk` VALUES (15, '06b501fa-c68a-11ef-acc6-8819e42d3275', '134', 'Jalan, Irigasi dan Jaringan', '13', 1);
INSERT INTO `ref_akun_kelompok_bkpk` VALUES (16, '06b58b30-c68a-11ef-acc6-8819e42d3275', '135', 'Aset Tetap Lainnya', '13', 1);
INSERT INTO `ref_akun_kelompok_bkpk` VALUES (17, '06b60947-c68a-11ef-acc6-8819e42d3275', '136', 'Konstruksi Dalam Pengerjaan', '13', 1);
INSERT INTO `ref_akun_kelompok_bkpk` VALUES (18, '06b6816d-c68a-11ef-acc6-8819e42d3275', '137', 'Akumulasi Penyusutan', '13', 1);
INSERT INTO `ref_akun_kelompok_bkpk` VALUES (19, '06b7010e-c68a-11ef-acc6-8819e42d3275', '139', 'ASET TETAP YANG BELUM DIREGISTER', '13', 1);
INSERT INTO `ref_akun_kelompok_bkpk` VALUES (20, '06b771b1-c68a-11ef-acc6-8819e42d3275', '141', 'Dana Cadangan', '14', 1);
INSERT INTO `ref_akun_kelompok_bkpk` VALUES (21, '06b7e7de-c68a-11ef-acc6-8819e42d3275', '151', 'PIUTANG TAGIHAN PENJUALAN ANGSURAN', '15', 1);
INSERT INTO `ref_akun_kelompok_bkpk` VALUES (22, '06b89181-c68a-11ef-acc6-8819e42d3275', '152', 'PIUTANG TAGIHAN TUNTUTAN PERBENDAHARAAN/TAGIHAN TUNTUTAN GANTI RUGI', '15', 1);
INSERT INTO `ref_akun_kelompok_bkpk` VALUES (23, '06b9088a-c68a-11ef-acc6-8819e42d3275', '153', 'PIUTANG JANGKA PANJANG PEMBERIAN PINJAMAN', '15', 1);
INSERT INTO `ref_akun_kelompok_bkpk` VALUES (24, '06b97487-c68a-11ef-acc6-8819e42d3275', '154', 'Piutang Jangka Panjang Kredit Pemerintah', '15', 1);
INSERT INTO `ref_akun_kelompok_bkpk` VALUES (25, '06b9e374-c68a-11ef-acc6-8819e42d3275', '155', 'Piutang Jangka Panjang lainnya', '15', 1);
INSERT INTO `ref_akun_kelompok_bkpk` VALUES (26, '06ba5e36-c68a-11ef-acc6-8819e42d3275', '156', 'Penyisihan Piutang Jangka Panjang', '15', 1);
INSERT INTO `ref_akun_kelompok_bkpk` VALUES (27, '06bb1a8d-c68a-11ef-acc6-8819e42d3275', '161', 'Kemitraan dengan Pihak Ketiga', '16', 1);
INSERT INTO `ref_akun_kelompok_bkpk` VALUES (28, '06bb98ce-c68a-11ef-acc6-8819e42d3275', '162', 'Aset Tidak Berwujud', '16', 1);
INSERT INTO `ref_akun_kelompok_bkpk` VALUES (29, '06bc0d62-c68a-11ef-acc6-8819e42d3275', '163', 'Dana Yang Dibatasi Penggunaannya', '16', 1);
INSERT INTO `ref_akun_kelompok_bkpk` VALUES (30, '06bcb4ee-c68a-11ef-acc6-8819e42d3275', '164', 'Dana Penjaminan', '16', 1);
INSERT INTO `ref_akun_kelompok_bkpk` VALUES (31, '06bd40cb-c68a-11ef-acc6-8819e42d3275', '165', 'Dana Kelolaan BLU', '16', 1);
INSERT INTO `ref_akun_kelompok_bkpk` VALUES (32, '06be03dd-c68a-11ef-acc6-8819e42d3275', '166', 'Aset Lain-lain', '16', 1);
INSERT INTO `ref_akun_kelompok_bkpk` VALUES (33, '06be7b91-c68a-11ef-acc6-8819e42d3275', '167', 'Aset Lainnya dari Unit Pemerintah Lainnya', '16', 1);
INSERT INTO `ref_akun_kelompok_bkpk` VALUES (34, '06bf072d-c68a-11ef-acc6-8819e42d3275', '168', 'ASET LAINNYA PEMBERIAN PINJAMAN', '16', 1);
INSERT INTO `ref_akun_kelompok_bkpk` VALUES (35, '06bf86fb-c68a-11ef-acc6-8819e42d3275', '169', 'AKUMULASI PENYUSUTAN/AMORTISASI ASET LAINNYA', '16', 1);
INSERT INTO `ref_akun_kelompok_bkpk` VALUES (36, '06c057f7-c68a-11ef-acc6-8819e42d3275', '191', 'AKUN SETUP', '19', 1);
INSERT INTO `ref_akun_kelompok_bkpk` VALUES (37, '06c11006-c68a-11ef-acc6-8819e42d3275', '211', 'Utang Perhitungan Fihak Ketiga', '21', 1);
INSERT INTO `ref_akun_kelompok_bkpk` VALUES (38, '06c1971b-c68a-11ef-acc6-8819e42d3275', '212', 'Utang Kepada Pihak Ketiga', '21', 1);
INSERT INTO `ref_akun_kelompok_bkpk` VALUES (39, '06c214f9-c68a-11ef-acc6-8819e42d3275', '213', 'Utang Bunga', '21', 1);
INSERT INTO `ref_akun_kelompok_bkpk` VALUES (40, '06c2b378-c68a-11ef-acc6-8819e42d3275', '214', 'Utang Subsidi', '21', 1);
INSERT INTO `ref_akun_kelompok_bkpk` VALUES (41, '06c34f5e-c68a-11ef-acc6-8819e42d3275', '215', 'Utang Transfer', '21', 1);
INSERT INTO `ref_akun_kelompok_bkpk` VALUES (42, '06c3d9c0-c68a-11ef-acc6-8819e42d3275', '216', 'Bagian lancar Utang Jangka Panjang', '21', 1);
INSERT INTO `ref_akun_kelompok_bkpk` VALUES (43, '06c45215-c68a-11ef-acc6-8819e42d3275', '217', 'Utang Surat Berharga Negara', '21', 1);
INSERT INTO `ref_akun_kelompok_bkpk` VALUES (44, '06c4c72f-c68a-11ef-acc6-8819e42d3275', '218', 'Utang Yang Belum Ditagihkan', '21', 1);
INSERT INTO `ref_akun_kelompok_bkpk` VALUES (45, '06c53a8e-c68a-11ef-acc6-8819e42d3275', '219', 'Utang Jangka Pendek Lainnya', '21', 1);
INSERT INTO `ref_akun_kelompok_bkpk` VALUES (46, '06c5b8cc-c68a-11ef-acc6-8819e42d3275', '221', 'Utang Jangka Panjang Dalam Negeri', '22', 1);
INSERT INTO `ref_akun_kelompok_bkpk` VALUES (47, '06c62c63-c68a-11ef-acc6-8819e42d3275', '222', 'Utang Jangka Panjang Luar Negeri', '22', 1);
INSERT INTO `ref_akun_kelompok_bkpk` VALUES (48, '06c6b2d7-c68a-11ef-acc6-8819e42d3275', '225', 'UTANG TRANSFER JANGKA PANJANG', '22', 1);
INSERT INTO `ref_akun_kelompok_bkpk` VALUES (49, '06c733f1-c68a-11ef-acc6-8819e42d3275', '226', 'Kewajiban Konsesi Jasa', '22', 1);
INSERT INTO `ref_akun_kelompok_bkpk` VALUES (50, '06c7c07a-c68a-11ef-acc6-8819e42d3275', '231', 'DICADANGKAN UNTUK KOMITMEN BELANJA', '23', 1);
INSERT INTO `ref_akun_kelompok_bkpk` VALUES (51, '06c8399d-c68a-11ef-acc6-8819e42d3275', '291', 'AKUN SETUP', '29', 1);
INSERT INTO `ref_akun_kelompok_bkpk` VALUES (52, '06c8b1be-c68a-11ef-acc6-8819e42d3275', '311', 'EKUITAS', '31', 1);
INSERT INTO `ref_akun_kelompok_bkpk` VALUES (53, '06c92ad9-c68a-11ef-acc6-8819e42d3275', '313', 'TRANSAKSI ANTAR ENTITAS', '31', 1);
INSERT INTO `ref_akun_kelompok_bkpk` VALUES (54, '06c9b011-c68a-11ef-acc6-8819e42d3275', '321', 'EKUITAS DANA INVESTASI', '32', 1);
INSERT INTO `ref_akun_kelompok_bkpk` VALUES (55, '06ca490e-c68a-11ef-acc6-8819e42d3275', '391', 'EKUITAS', '39', 1);
INSERT INTO `ref_akun_kelompok_bkpk` VALUES (56, '06cac425-c68a-11ef-acc6-8819e42d3275', '399', 'EKUITAS KONSOLIDASI BUN', '39', 1);
INSERT INTO `ref_akun_kelompok_bkpk` VALUES (57, '06cb3e55-c68a-11ef-acc6-8819e42d3275', '411', 'PENDAPATAN PAJAK DALAM NEGERI', '41', 1);
INSERT INTO `ref_akun_kelompok_bkpk` VALUES (58, '06cbc1c1-c68a-11ef-acc6-8819e42d3275', '412', 'PENDAPATAN PAJAK PERDAGANGAN INTERNASIONAL', '41', 1);
INSERT INTO `ref_akun_kelompok_bkpk` VALUES (59, '06cc316d-c68a-11ef-acc6-8819e42d3275', '419', 'Pendapatan Pajak Lain-lain', '41', 1);
INSERT INTO `ref_akun_kelompok_bkpk` VALUES (60, '06ccefdc-c68a-11ef-acc6-8819e42d3275', '421', 'PENDAPATAN SUMBER DAYA ALAM', '42', 1);
INSERT INTO `ref_akun_kelompok_bkpk` VALUES (61, '06cd7411-c68a-11ef-acc6-8819e42d3275', '422', 'PENDAPATAN DARI KEKAYAAN NEGARA DIPISAHKAN (KND)', '42', 1);
INSERT INTO `ref_akun_kelompok_bkpk` VALUES (62, '06cde997-c68a-11ef-acc6-8819e42d3275', '424', 'PENDAPATAN BADAN LAYANAN UMUM', '42', 1);
INSERT INTO `ref_akun_kelompok_bkpk` VALUES (63, '06ce6613-c68a-11ef-acc6-8819e42d3275', '425', 'PENDAPATAN PENERIMAAN NEGARA BUKAN PAJAK LAINNYA', '42', 1);
INSERT INTO `ref_akun_kelompok_bkpk` VALUES (64, '06cee157-c68a-11ef-acc6-8819e42d3275', '431', 'PENDAPATAN HIBAH DALAM NEGERI DAN LUAR NEGERI', '43', 1);
INSERT INTO `ref_akun_kelompok_bkpk` VALUES (65, '06cf82b1-c68a-11ef-acc6-8819e42d3275', '439', 'Pendapatan Hibah Lain-lain', '43', 1);
INSERT INTO `ref_akun_kelompok_bkpk` VALUES (66, '06cffe93-c68a-11ef-acc6-8819e42d3275', '491', 'PENDAPATAN PENYESUAIAN AKRUAL', '49', 1);
INSERT INTO `ref_akun_kelompok_bkpk` VALUES (67, '06d0802b-c68a-11ef-acc6-8819e42d3275', '498', 'SUSPENSE PENDAPATAN', '49', 1);
INSERT INTO `ref_akun_kelompok_bkpk` VALUES (68, '06d129a3-c68a-11ef-acc6-8819e42d3275', '499', 'AKUN SET UP', '49', 1);
INSERT INTO `ref_akun_kelompok_bkpk` VALUES (69, '06d1fc50-c68a-11ef-acc6-8819e42d3275', '511', 'BELANJA GAJI DAN TUNJANGAN', '51', 1);
INSERT INTO `ref_akun_kelompok_bkpk` VALUES (70, '06d27836-c68a-11ef-acc6-8819e42d3275', '512', 'BELANJA HONORARIUM/LEMBUR /TUNJANGAN KHUSUS & BELANJA PEGAWAI TRANSITO', '51', 1);
INSERT INTO `ref_akun_kelompok_bkpk` VALUES (71, '06d2eb50-c68a-11ef-acc6-8819e42d3275', '513', 'BELANJA KONTRIBUSI SOSIAL', '51', 1);
INSERT INTO `ref_akun_kelompok_bkpk` VALUES (72, '06d3657d-c68a-11ef-acc6-8819e42d3275', '521', 'BELANJA BARANG', '52', 1);
INSERT INTO `ref_akun_kelompok_bkpk` VALUES (73, '06d3df02-c68a-11ef-acc6-8819e42d3275', '522', 'BELANJA JASA', '52', 1);
INSERT INTO `ref_akun_kelompok_bkpk` VALUES (74, '06d499dd-c68a-11ef-acc6-8819e42d3275', '523', 'BELANJA PEMELIHARAAN', '52', 1);
INSERT INTO `ref_akun_kelompok_bkpk` VALUES (75, '06d5184f-c68a-11ef-acc6-8819e42d3275', '524', 'BELANJA PERJALANAN DINAS', '52', 1);
INSERT INTO `ref_akun_kelompok_bkpk` VALUES (76, '06d5905a-c68a-11ef-acc6-8819e42d3275', '525', 'BELANJA BADAN LAYANAN UMUM (BLU)', '52', 1);
INSERT INTO `ref_akun_kelompok_bkpk` VALUES (77, '06d60ebf-c68a-11ef-acc6-8819e42d3275', '526', 'BELANJA BARANG UNTUK DISERAHKAN KEPADA MASYARAKAT/PEMDA', '52', 1);
INSERT INTO `ref_akun_kelompok_bkpk` VALUES (78, '06d68dac-c68a-11ef-acc6-8819e42d3275', '527', 'BELANJA BARANG UNTUK DISERAHKAN KEPADA MANTAN PRESIDEN DAN/ATAU MANTAN WAKIL PRESIDEN', '52', 1);
INSERT INTO `ref_akun_kelompok_bkpk` VALUES (79, '06d70e3a-c68a-11ef-acc6-8819e42d3275', '531', 'BELANJA MODAL TANAH', '53', 1);
INSERT INTO `ref_akun_kelompok_bkpk` VALUES (80, '06d78331-c68a-11ef-acc6-8819e42d3275', '532', 'BELANJA MODAL PERALATAN DAN MESIN', '53', 1);
INSERT INTO `ref_akun_kelompok_bkpk` VALUES (81, '06d7f741-c68a-11ef-acc6-8819e42d3275', '533', 'BELANJA MODAL GEDUNG DAN BANGUNAN', '53', 1);
INSERT INTO `ref_akun_kelompok_bkpk` VALUES (82, '06d87219-c68a-11ef-acc6-8819e42d3275', '534', 'BELANJA MODAL JALAN, IRIGASI DAN JARINGAN', '53', 1);
INSERT INTO `ref_akun_kelompok_bkpk` VALUES (83, '06d8e818-c68a-11ef-acc6-8819e42d3275', '536', 'BELANJA MODAL LAINNYA', '53', 1);
INSERT INTO `ref_akun_kelompok_bkpk` VALUES (84, '06d98979-c68a-11ef-acc6-8819e42d3275', '537', 'BELANJA MODAL BADAN LAYANAN UMUM (BLU)', '53', 1);
INSERT INTO `ref_akun_kelompok_bkpk` VALUES (85, '06da0186-c68a-11ef-acc6-8819e42d3275', '541', 'BELANJA PEMBAYARAN BUNGA UTANG', '54', 1);
INSERT INTO `ref_akun_kelompok_bkpk` VALUES (86, '06da79c8-c68a-11ef-acc6-8819e42d3275', '542', 'BELANJA PEMBAYARAN DISCOUNT SURAT UTANG NEGARA', '54', 1);
INSERT INTO `ref_akun_kelompok_bkpk` VALUES (87, '06daf11d-c68a-11ef-acc6-8819e42d3275', '544', 'BELANJA PEMBAYARAN LOSS ON BOND REDEMPTION', '54', 1);
INSERT INTO `ref_akun_kelompok_bkpk` VALUES (88, '06db6978-c68a-11ef-acc6-8819e42d3275', '545', 'BELANJA PEMBAYARAN DISCOUNT SURAT BERHARGA SYARIAH NEGARA', '54', 1);
INSERT INTO `ref_akun_kelompok_bkpk` VALUES (89, '06dc3dc9-c68a-11ef-acc6-8819e42d3275', '547', 'BELANJA DENDA', '54', 1);
INSERT INTO `ref_akun_kelompok_bkpk` VALUES (90, '06dcbbff-c68a-11ef-acc6-8819e42d3275', '548', 'BELANJA PEMBAYARAN KEWAJIBAN/UTANG', '54', 1);
INSERT INTO `ref_akun_kelompok_bkpk` VALUES (91, '06dd3a8f-c68a-11ef-acc6-8819e42d3275', '551', 'BELANJA SUBSIDI PERUSAHAAN NEGARA', '55', 1);
INSERT INTO `ref_akun_kelompok_bkpk` VALUES (92, '06ddb638-c68a-11ef-acc6-8819e42d3275', '552', 'BELANJA SUBSIDI PERUSAHAAN SWASTA', '55', 1);
INSERT INTO `ref_akun_kelompok_bkpk` VALUES (93, '06de4004-c68a-11ef-acc6-8819e42d3275', '553', 'Belanja Subsidi - Estimasi', '55', 1);
INSERT INTO `ref_akun_kelompok_bkpk` VALUES (94, '06df0a96-c68a-11ef-acc6-8819e42d3275', '554', 'BELANJA SUBSIDI - DARURAT BENCANA', '55', 1);
INSERT INTO `ref_akun_kelompok_bkpk` VALUES (95, '06df8f82-c68a-11ef-acc6-8819e42d3275', '561', 'BELANJA HIBAH KEPADA PEMERINTAH LUAR NEGERI', '56', 1);
INSERT INTO `ref_akun_kelompok_bkpk` VALUES (96, '06e0198f-c68a-11ef-acc6-8819e42d3275', '562', 'BELANJA HIBAH KEPADA ORGANISASI INTERNASIONAL', '56', 1);
INSERT INTO `ref_akun_kelompok_bkpk` VALUES (97, '06e09cbc-c68a-11ef-acc6-8819e42d3275', '563', 'BELANJA HIBAH KEPADA PEMERINTAH DAERAH', '56', 1);
INSERT INTO `ref_akun_kelompok_bkpk` VALUES (98, '06e13f97-c68a-11ef-acc6-8819e42d3275', '565', 'BELANJA HIBAH LAINNYA', '56', 1);
INSERT INTO `ref_akun_kelompok_bkpk` VALUES (99, '06e1bd5a-c68a-11ef-acc6-8819e42d3275', '571', 'BELANJA BANTUAN SOSIAL UNTUK REHABILITASI SOSIAL', '57', 1);
INSERT INTO `ref_akun_kelompok_bkpk` VALUES (100, '06e2372b-c68a-11ef-acc6-8819e42d3275', '572', 'BELANJA BANTUAN SOSIAL UNTUK JAMINAN SOSIAL', '57', 1);
INSERT INTO `ref_akun_kelompok_bkpk` VALUES (101, '06e2b400-c68a-11ef-acc6-8819e42d3275', '573', 'BELANJA BANTUAN SOSIAL UNTUK PEMBERDAYAAN SOSIAL', '57', 1);
INSERT INTO `ref_akun_kelompok_bkpk` VALUES (102, '06e32a3b-c68a-11ef-acc6-8819e42d3275', '574', 'BELANJA BANTUAN SOSIAL UNTUK PERLINDUNGAN SOSIAL', '57', 1);
INSERT INTO `ref_akun_kelompok_bkpk` VALUES (103, '06e3cbdd-c68a-11ef-acc6-8819e42d3275', '575', 'BELANJA BANTUAN SOSIAL UNTUK PENANGGULANGAN KEMISKINAN', '57', 1);
INSERT INTO `ref_akun_kelompok_bkpk` VALUES (104, '06e464b3-c68a-11ef-acc6-8819e42d3275', '576', 'BELANJA BANTUAN SOSIAL UNTUK PENANGGULANGAN BENCANA', '57', 1);
INSERT INTO `ref_akun_kelompok_bkpk` VALUES (105, '06e4e9ac-c68a-11ef-acc6-8819e42d3275', '581', 'BELANJA LAIN-LAIN', '58', 1);
INSERT INTO `ref_akun_kelompok_bkpk` VALUES (106, '06e55f1b-c68a-11ef-acc6-8819e42d3275', '591', 'BELANJA PENYUSUTAN ASET TETAP', '59', 1);
INSERT INTO `ref_akun_kelompok_bkpk` VALUES (107, '06e5e2bf-c68a-11ef-acc6-8819e42d3275', '592', 'BELANJA PENYUSUTAN ASET LAINNYA/AMORTISASI ASET LAINNYA', '59', 1);
INSERT INTO `ref_akun_kelompok_bkpk` VALUES (108, '06e65289-c68a-11ef-acc6-8819e42d3275', '593', 'BELANJA PERSEDIAAN', '59', 1);
INSERT INTO `ref_akun_kelompok_bkpk` VALUES (109, '06e6cf16-c68a-11ef-acc6-8819e42d3275', '594', 'BELANJA PENYISIHAN PIUTANG TAK TERTAGIH', '59', 1);
INSERT INTO `ref_akun_kelompok_bkpk` VALUES (110, '06e75f0e-c68a-11ef-acc6-8819e42d3275', '595', 'BELANJA REKLASIFIKASI ASET', '59', 1);
INSERT INTO `ref_akun_kelompok_bkpk` VALUES (111, '06e7d9e2-c68a-11ef-acc6-8819e42d3275', '596', 'Beban Penurunan Nilai dan Lainnya', '59', 1);
INSERT INTO `ref_akun_kelompok_bkpk` VALUES (112, '06e846ea-c68a-11ef-acc6-8819e42d3275', '597', 'PEMBULATAN', '59', 1);
INSERT INTO `ref_akun_kelompok_bkpk` VALUES (113, '06e8fb91-c68a-11ef-acc6-8819e42d3275', '598', 'SUSPENSE BEBAN', '59', 1);
INSERT INTO `ref_akun_kelompok_bkpk` VALUES (114, '06e9896c-c68a-11ef-acc6-8819e42d3275', '599', 'AKUN SET UP', '59', 1);
INSERT INTO `ref_akun_kelompok_bkpk` VALUES (115, '06e9fd21-c68a-11ef-acc6-8819e42d3275', '611', 'BELANJA DANA BAGI HASIL PAJAK', '61', 1);
INSERT INTO `ref_akun_kelompok_bkpk` VALUES (116, '06ea78a4-c68a-11ef-acc6-8819e42d3275', '612', 'BELANJA DANA BAGI HASIL SUMBER DAYA ALAM', '61', 1);
INSERT INTO `ref_akun_kelompok_bkpk` VALUES (117, '06eaf1f6-c68a-11ef-acc6-8819e42d3275', '613', 'BELANJA DANA BAGI HASIL CUKAI', '61', 1);
INSERT INTO `ref_akun_kelompok_bkpk` VALUES (118, '06eb70f0-c68a-11ef-acc6-8819e42d3275', '621', 'DANA ALOKASI UMUM', '62', 1);
INSERT INTO `ref_akun_kelompok_bkpk` VALUES (119, '06ebf1bc-c68a-11ef-acc6-8819e42d3275', '631', 'BELANJA DANA ALOKASI KHUSUS FISIK', '63', 1);
INSERT INTO `ref_akun_kelompok_bkpk` VALUES (120, '06ec6a0f-c68a-11ef-acc6-8819e42d3275', '641', 'BELANJA DANA OTONOMI KHUSUS', '64', 1);
INSERT INTO `ref_akun_kelompok_bkpk` VALUES (121, '06ece863-c68a-11ef-acc6-8819e42d3275', '642', 'BELANJA DANA KEISTIMEWAAN DAERAH ISTIMEWA YOGYAKARTA', '64', 1);
INSERT INTO `ref_akun_kelompok_bkpk` VALUES (122, '06ed5bb9-c68a-11ef-acc6-8819e42d3275', '643', 'INSENTIF FISKAL', '64', 1);
INSERT INTO `ref_akun_kelompok_bkpk` VALUES (123, '06edea63-c68a-11ef-acc6-8819e42d3275', '654', 'DANA ALOKASI KHUSUS NON FISIK', '65', 1);
INSERT INTO `ref_akun_kelompok_bkpk` VALUES (124, '06ee6559-c68a-11ef-acc6-8819e42d3275', '655', 'DANA ALOKASI KHUSUS NON FISIK II', '65', 1);
INSERT INTO `ref_akun_kelompok_bkpk` VALUES (125, '06eedad3-c68a-11ef-acc6-8819e42d3275', '661', 'DANA KEISTIMEWAAN DAERAH ISTIMEWA YOGYAKARTA', '66', 1);
INSERT INTO `ref_akun_kelompok_bkpk` VALUES (126, '06ef7544-c68a-11ef-acc6-8819e42d3275', '662', 'BELANJA DANA DESA', '66', 1);
INSERT INTO `ref_akun_kelompok_bkpk` VALUES (127, '06efeea3-c68a-11ef-acc6-8819e42d3275', '671', 'Hibah kepada Daerah', '67', 1);
INSERT INTO `ref_akun_kelompok_bkpk` VALUES (128, '06f06cdd-c68a-11ef-acc6-8819e42d3275', '698', 'BELANJA SUSPENSE TRANSFER', '69', 1);
INSERT INTO `ref_akun_kelompok_bkpk` VALUES (129, '06f0e30d-c68a-11ef-acc6-8819e42d3275', '711', 'PENERIMAAN PEMBIAYAAN DALAM NEGERI', '71', 1);
INSERT INTO `ref_akun_kelompok_bkpk` VALUES (130, '06f153e9-c68a-11ef-acc6-8819e42d3275', '712', 'PENERIMAAN PEMBIAYAAN LUAR NEGERI', '71', 1);
INSERT INTO `ref_akun_kelompok_bkpk` VALUES (131, '06f1d3cf-c68a-11ef-acc6-8819e42d3275', '713', 'PENERIMAAN DARI PENJADWALAN KEMBALI POKOK UTANG LUAR NEGERI', '71', 1);
INSERT INTO `ref_akun_kelompok_bkpk` VALUES (132, '06f25c77-c68a-11ef-acc6-8819e42d3275', '714', 'PENERIMAAN DARI PENJADWALAN KEMBALI BUNGA UTANG LUAR NEGERI', '71', 1);
INSERT INTO `ref_akun_kelompok_bkpk` VALUES (133, '06f318df-c68a-11ef-acc6-8819e42d3275', '715', 'PENERIMAAN CICILAN PENGEMBALIAN PEMBERIAN PINJAMAN', '71', 1);
INSERT INTO `ref_akun_kelompok_bkpk` VALUES (134, '06f3b150-c68a-11ef-acc6-8819e42d3275', '717', 'Penerimaan Cicilan Pokok Investasi Pemerintah', '71', 1);
INSERT INTO `ref_akun_kelompok_bkpk` VALUES (135, '06f42e16-c68a-11ef-acc6-8819e42d3275', '719', 'PENERIMAAN PEMBIAYAAN LAIN-LAIN', '71', 1);
INSERT INTO `ref_akun_kelompok_bkpk` VALUES (136, '06f4a183-c68a-11ef-acc6-8819e42d3275', '721', 'PENGELUARAN PEMBIAYAAN DALAM NEGERI', '72', 1);
INSERT INTO `ref_akun_kelompok_bkpk` VALUES (137, '06f51773-c68a-11ef-acc6-8819e42d3275', '722', 'PENGELUARAN PEMBIAYAAN LUAR NEGERI', '72', 1);
INSERT INTO `ref_akun_kelompok_bkpk` VALUES (138, '06f58a7a-c68a-11ef-acc6-8819e42d3275', '723', 'PELUNASAN POKOK UTANG LUAR NEGERI MELALUI PENJADWALAN KEMBALI', '72', 1);
INSERT INTO `ref_akun_kelompok_bkpk` VALUES (139, '06f60234-c68a-11ef-acc6-8819e42d3275', '724', 'PENYERTAAN MODAL NEGARA', '72', 1);
INSERT INTO `ref_akun_kelompok_bkpk` VALUES (140, '06f67ab7-c68a-11ef-acc6-8819e42d3275', '725', 'RDI/RPD', '72', 1);
INSERT INTO `ref_akun_kelompok_bkpk` VALUES (141, '06f6f249-c68a-11ef-acc6-8819e42d3275', '726', 'DUKUNGAN INFRASTRUKTUR', '72', 1);
INSERT INTO `ref_akun_kelompok_bkpk` VALUES (142, '06f76a33-c68a-11ef-acc6-8819e42d3275', '727', 'PENGELUARAN INVESTASI PEMERINTAH', '72', 1);
INSERT INTO `ref_akun_kelompok_bkpk` VALUES (143, '06f82c12-c68a-11ef-acc6-8819e42d3275', '798', 'SUSPENSE PEMBIAYAAN', '79', 1);
INSERT INTO `ref_akun_kelompok_bkpk` VALUES (144, '06f8af8d-c68a-11ef-acc6-8819e42d3275', '811', 'PENERIMAAN NON ANGGARAN PFK', '81', 1);
INSERT INTO `ref_akun_kelompok_bkpk` VALUES (145, '06f92a2b-c68a-11ef-acc6-8819e42d3275', '812', 'PENERIMAAN WESEL PEMERINTAH', '81', 1);
INSERT INTO `ref_akun_kelompok_bkpk` VALUES (146, '06f9a22b-c68a-11ef-acc6-8819e42d3275', '813', 'PENERIMAAN REIMBURESEMENT DALAM RANGKA PREFINANCING (PP) DAN PFK BUN LAINNYA', '81', 1);
INSERT INTO `ref_akun_kelompok_bkpk` VALUES (147, '06fa2b15-c68a-11ef-acc6-8819e42d3275', '814', 'PENERIMAAN KIRIMAN UANG', '81', 1);
INSERT INTO `ref_akun_kelompok_bkpk` VALUES (148, '06fab566-c68a-11ef-acc6-8819e42d3275', '815', 'PENERIMAAN TRANSITO', '81', 1);
INSERT INTO `ref_akun_kelompok_bkpk` VALUES (149, '06fb3b14-c68a-11ef-acc6-8819e42d3275', '816', 'KOREKSI PENGELUARAN PEMINDAHBUKUAN', '81', 1);
INSERT INTO `ref_akun_kelompok_bkpk` VALUES (150, '06fbb225-c68a-11ef-acc6-8819e42d3275', '817', 'PENERIMAAN NON ANGGARAN PIHAK KETIGA', '81', 1);
INSERT INTO `ref_akun_kelompok_bkpk` VALUES (151, '06fc3525-c68a-11ef-acc6-8819e42d3275', '818', 'PENERIMAAN KIRIMAN UANG ANTAR REKENING BANK', '81', 1);
INSERT INTO `ref_akun_kelompok_bkpk` VALUES (152, '06fcbf19-c68a-11ef-acc6-8819e42d3275', '821', 'PENGELUARAN NON ANGGARAN PFK', '82', 1);
INSERT INTO `ref_akun_kelompok_bkpk` VALUES (153, '06fd65f8-c68a-11ef-acc6-8819e42d3275', '822', 'PELUNASAN WESEL PEMERINTAH', '82', 1);
INSERT INTO `ref_akun_kelompok_bkpk` VALUES (154, '06fddbad-c68a-11ef-acc6-8819e42d3275', '823', 'PEMBAYARAN PFK PREFINANCING DAN PFK BUN LAINNYA', '82', 1);
INSERT INTO `ref_akun_kelompok_bkpk` VALUES (155, '06fe5399-c68a-11ef-acc6-8819e42d3275', '824', 'PENGELUARAN KIRIMAN UANG', '82', 1);
INSERT INTO `ref_akun_kelompok_bkpk` VALUES (156, '06fec877-c68a-11ef-acc6-8819e42d3275', '825', 'PENGELUARAN TRANSITO', '82', 1);
INSERT INTO `ref_akun_kelompok_bkpk` VALUES (157, '06ff4321-c68a-11ef-acc6-8819e42d3275', '826', 'KOREKSI PENERIMAAN PEMINDAHBUKUAN', '82', 1);
INSERT INTO `ref_akun_kelompok_bkpk` VALUES (158, '06ffb976-c68a-11ef-acc6-8819e42d3275', '827', 'PENGELUARAN NON ANGGARAN PIHAK KETIGA', '82', 1);
INSERT INTO `ref_akun_kelompok_bkpk` VALUES (159, '070039d8-c68a-11ef-acc6-8819e42d3275', '828', 'PENGELUARAN KIRIMAN UANG ANTAR REKENING BANK', '82', 1);
INSERT INTO `ref_akun_kelompok_bkpk` VALUES (160, '0700b011-c68a-11ef-acc6-8819e42d3275', '831', 'Output Kinerja', '83', 1);

-- ----------------------------
-- Table structure for ref_bank
-- ----------------------------
DROP TABLE IF EXISTS `ref_bank`;
CREATE TABLE `ref_bank`  (
  `id` int(11) NOT NULL AUTO_INCREMENT,
  `uuid` varchar(36) CHARACTER SET latin1 COLLATE latin1_swedish_ci NULL DEFAULT NULL,
  `code` varchar(25) CHARACTER SET latin1 COLLATE latin1_swedish_ci NULL DEFAULT NULL,
  `name` varchar(255) CHARACTER SET latin1 COLLATE latin1_swedish_ci NULL DEFAULT NULL,
  `is_active` int(1) NULL DEFAULT NULL,
  PRIMARY KEY (`id`) USING BTREE,
  INDEX `is_active`(`is_active`) USING BTREE
) ENGINE = InnoDB AUTO_INCREMENT = 157 CHARACTER SET = latin1 COLLATE = latin1_swedish_ci ROW_FORMAT = DYNAMIC;

-- ----------------------------
-- Records of ref_bank
-- ----------------------------
INSERT INTO `ref_bank` VALUES (1, '64d6aab3-c726-11ef-96bb-326a8040c20c', '000000000000', 'BANK PFK (TRANSITO)', 1);
INSERT INTO `ref_bank` VALUES (2, '64d78d5b-c726-11ef-96bb-326a8040c20c', '519000123990', 'INDONESIA EXIMBANK', 1);
INSERT INTO `ref_bank` VALUES (3, '64d7fef4-c726-11ef-96bb-326a8040c20c', '520002000990', 'BANK RAKYAT INDONESIA', 1);
INSERT INTO `ref_bank` VALUES (4, '64d874ee-c726-11ef-96bb-326a8040c20c', '520008000990', 'BANK MANDIRI', 1);
INSERT INTO `ref_bank` VALUES (5, '64d8e8ab-c726-11ef-96bb-326a8040c20c', '520009000990', 'BANK NEGARA INDONESIA', 1);
INSERT INTO `ref_bank` VALUES (6, '64d9574b-c726-11ef-96bb-326a8040c20c', '520200000990', 'BANK TABUNGAN NEGARA', 1);
INSERT INTO `ref_bank` VALUES (7, '64d9dd3f-c726-11ef-96bb-326a8040c20c', '521031000990', 'CITIBANK', 1);
INSERT INTO `ref_bank` VALUES (8, '64da514c-c726-11ef-96bb-326a8040c20c', '521032000990', 'JPMORGAN CHASE BANK', 1);
INSERT INTO `ref_bank` VALUES (9, '64dac382-c726-11ef-96bb-326a8040c20c', '521033000990', 'BANK OF AMERICA', 1);
INSERT INTO `ref_bank` VALUES (10, '64db46ce-c726-11ef-96bb-326a8040c20c', '521040000990', 'BANGKOK BANK PUBLIC CO. LTD', 1);
INSERT INTO `ref_bank` VALUES (11, '64dbc0b7-c726-11ef-96bb-326a8040c20c', '521042000990', 'MUFG BANK,LTD', 1);
INSERT INTO `ref_bank` VALUES (12, '64dc3318-c726-11ef-96bb-326a8040c20c', '521050000990', 'STANDARD CHARTERED BANK', 1);
INSERT INTO `ref_bank` VALUES (13, '64dcb1dd-c726-11ef-96bb-326a8040c20c', '521052000990', 'THE ROYAL BANK OF SCOTLAND N.V.', 1);
INSERT INTO `ref_bank` VALUES (14, '64dd29e0-c726-11ef-96bb-326a8040c20c', '521067000990', 'DEUTSCHE BANK AG', 1);
INSERT INTO `ref_bank` VALUES (15, '64dd9dc7-c726-11ef-96bb-326a8040c20c', '521069000990', 'BANK OF CHINA LIMITED', 1);
INSERT INTO `ref_bank` VALUES (16, '64de2ec2-c726-11ef-96bb-326a8040c20c', '522036000990', 'CHINA CONSTRUCTION BANK', 1);
INSERT INTO `ref_bank` VALUES (17, '64deb6ef-c726-11ef-96bb-326a8040c20c', '522037000990', 'BANK ARTHA GRAHA INTERNASIONAL', 1);
INSERT INTO `ref_bank` VALUES (18, '64df3374-c726-11ef-96bb-326a8040c20c', '522046000990', 'BANK DBS INDONESIA', 1);
INSERT INTO `ref_bank` VALUES (19, '64dfa34a-c726-11ef-96bb-326a8040c20c', '522047000990', 'BANK RESONA PERDANIA', 1);
INSERT INTO `ref_bank` VALUES (20, '64e011f3-c726-11ef-96bb-326a8040c20c', '522048000990', 'BANK MIZUHO INDONESIA', 1);
INSERT INTO `ref_bank` VALUES (21, '64e07eae-c726-11ef-96bb-326a8040c20c', '522054000990', 'BANK CAPITAL INDONESIA', 1);
INSERT INTO `ref_bank` VALUES (22, '64e0fa53-c726-11ef-96bb-326a8040c20c', '522057000990', 'BANK BNP PARIBAS INDONESIA', 1);
INSERT INTO `ref_bank` VALUES (23, '64e1817a-c726-11ef-96bb-326a8040c20c', '522061000990', 'BANK ANZ', 1);
INSERT INTO `ref_bank` VALUES (24, '64e1fff1-c726-11ef-96bb-326a8040c20c', '522089000990', 'BANK RABOBANK INTERNATIONAL INDONESIA', 1);
INSERT INTO `ref_bank` VALUES (25, '64e271ea-c726-11ef-96bb-326a8040c20c', '522945000990', 'BANK IBK INDONESIA', 1);
INSERT INTO `ref_bank` VALUES (26, '64e2e9f6-c726-11ef-96bb-326a8040c20c', '522949000990', 'BANK CTBC INDONESIA', 1);
INSERT INTO `ref_bank` VALUES (27, '64e367b1-c726-11ef-96bb-326a8040c20c', '522950000990', 'BANK COMMONWEALTH', 1);
INSERT INTO `ref_bank` VALUES (28, '64e3d863-c726-11ef-96bb-326a8040c20c', '523011000990', 'BANK DANAMON', 1);
INSERT INTO `ref_bank` VALUES (29, '64e44e04-c726-11ef-96bb-326a8040c20c', '523013000990', 'BANK PERMATA', 1);
INSERT INTO `ref_bank` VALUES (30, '64e4c7f9-c726-11ef-96bb-326a8040c20c', '523014000990', 'BANK CENTRAL ASIA', 1);
INSERT INTO `ref_bank` VALUES (31, '64e5474b-c726-11ef-96bb-326a8040c20c', '523016000990', 'BANK MAYBANK INDONESIA', 1);
INSERT INTO `ref_bank` VALUES (32, '64e5cccb-c726-11ef-96bb-326a8040c20c', '523019000990', 'BANK PANIN', 1);
INSERT INTO `ref_bank` VALUES (33, '64e64a17-c726-11ef-96bb-326a8040c20c', '523022000990', 'BANK CIMB NIAGA', 1);
INSERT INTO `ref_bank` VALUES (34, '64e6b981-c726-11ef-96bb-326a8040c20c', '523023000990', 'BANK UOB INDONESIA', 1);
INSERT INTO `ref_bank` VALUES (35, '64e72ea5-c726-11ef-96bb-326a8040c20c', '523028000990', 'BANK OCBC NISP', 1);
INSERT INTO `ref_bank` VALUES (36, '64e7b79b-c726-11ef-96bb-326a8040c20c', '523076000990', 'BANK BUMI ARTA', 1);
INSERT INTO `ref_bank` VALUES (37, '64e830d6-c726-11ef-96bb-326a8040c20c', '523087000990', 'BANK HSBC INDONESIA', 1);
INSERT INTO `ref_bank` VALUES (38, '64e8ad6f-c726-11ef-96bb-326a8040c20c', '523088000990', 'BANK ANTARDAERAH', 1);
INSERT INTO `ref_bank` VALUES (39, '64e933d0-c726-11ef-96bb-326a8040c20c', '523095000990', 'BANK JTRUST INDONESIA', 1);
INSERT INTO `ref_bank` VALUES (40, '64e9ac1b-c726-11ef-96bb-326a8040c20c', '523097000990', 'BANK MAYAPADA INTERNATIONAL', 1);
INSERT INTO `ref_bank` VALUES (41, '64ea2119-c726-11ef-96bb-326a8040c20c', '523145000990', 'BANK NUSANTARA PARAHYANGAN', 1);
INSERT INTO `ref_bank` VALUES (42, '64eaa46e-c726-11ef-96bb-326a8040c20c', '523146000990', 'BANK OF INDIA', 1);
INSERT INTO `ref_bank` VALUES (43, '64eb18e4-c726-11ef-96bb-326a8040c20c', '523151000990', 'BANK MESTIKA DHARMA', 1);
INSERT INTO `ref_bank` VALUES (44, '64eb8abb-c726-11ef-96bb-326a8040c20c', '523152000990', 'BANK SHINHAN INDONESIA', 1);
INSERT INTO `ref_bank` VALUES (45, '64ebee64-c726-11ef-96bb-326a8040c20c', '523153000990', 'BANK SINARMAS', 1);
INSERT INTO `ref_bank` VALUES (46, '64ec5b0a-c726-11ef-96bb-326a8040c20c', '523157000990', 'BANK MASPION INDONESIA', 1);
INSERT INTO `ref_bank` VALUES (47, '64eccf02-c726-11ef-96bb-326a8040c20c', '523161000990', 'BANK GANESHA', 1);
INSERT INTO `ref_bank` VALUES (48, '64ed4156-c726-11ef-96bb-326a8040c20c', '523164000990', 'BANK ICBC INDONESIA', 1);
INSERT INTO `ref_bank` VALUES (49, '64edc0a3-c726-11ef-96bb-326a8040c20c', '523167000990', 'BANK QNB INDONESIA', 1);
INSERT INTO `ref_bank` VALUES (50, '64ee335f-c726-11ef-96bb-326a8040c20c', '523212000990', 'BANK WOORI SAUDARA INDONESIA 1906', 1);
INSERT INTO `ref_bank` VALUES (51, '64eeaa5f-c726-11ef-96bb-326a8040c20c', '523213000990', 'BANK SMBC INDONESIA', 1);
INSERT INTO `ref_bank` VALUES (52, '64ef1472-c726-11ef-96bb-326a8040c20c', '523426000990', 'BANK MEGA', 1);
INSERT INTO `ref_bank` VALUES (53, '64ef7d2c-c726-11ef-96bb-326a8040c20c', '523441000990', 'BANK BUKOPIN', 1);
INSERT INTO `ref_bank` VALUES (54, '64f0113d-c726-11ef-96bb-326a8040c20c', '523459000990', 'KROM BANK INDONESIA', 1);
INSERT INTO `ref_bank` VALUES (55, '64f08c2b-c726-11ef-96bb-326a8040c20c', '523466000990', 'BANK ANDARA', 1);
INSERT INTO `ref_bank` VALUES (56, '64f0fd82-c726-11ef-96bb-326a8040c20c', '523472000990', 'BANK JASA JAKARTA', 1);
INSERT INTO `ref_bank` VALUES (57, '64f16be3-c726-11ef-96bb-326a8040c20c', '523484000990', 'BANK KEB HANA INDONESIA', 1);
INSERT INTO `ref_bank` VALUES (58, '64f1e411-c726-11ef-96bb-326a8040c20c', '523485000990', 'BANK MNC INTERNASIONAL', 1);
INSERT INTO `ref_bank` VALUES (59, '64f265e4-c726-11ef-96bb-326a8040c20c', '523490000990', 'BANK YUDHA BHAKTI', 1);
INSERT INTO `ref_bank` VALUES (60, '64f2e17c-c726-11ef-96bb-326a8040c20c', '523491000990', 'BANK MITRA NIAGA', 1);
INSERT INTO `ref_bank` VALUES (61, '64f352d0-c726-11ef-96bb-326a8040c20c', '523494000990', 'BRI AGRO NIAGA', 1);
INSERT INTO `ref_bank` VALUES (62, '64f3c2eb-c726-11ef-96bb-326a8040c20c', '523498000990', 'BANK SBI INDONESIA', 1);
INSERT INTO `ref_bank` VALUES (63, '64f4373d-c726-11ef-96bb-326a8040c20c', '523501000990', 'BANK ROYAL INDONESIA', 1);
INSERT INTO `ref_bank` VALUES (64, '64f4b17e-c726-11ef-96bb-326a8040c20c', '523503000990', 'BANK NATIONAL NOBU', 1);
INSERT INTO `ref_bank` VALUES (65, '64f52508-c726-11ef-96bb-326a8040c20c', '523513000990', 'BANK INA PERDANA', 1);
INSERT INTO `ref_bank` VALUES (66, '64f59ffa-c726-11ef-96bb-326a8040c20c', '523520000990', 'PRIMA MASTER BANK', 1);
INSERT INTO `ref_bank` VALUES (67, '64f60fab-c726-11ef-96bb-326a8040c20c', '523523000990', 'BANK SAHABAT SAMPOERNA', 1);
INSERT INTO `ref_bank` VALUES (68, '64f68801-c726-11ef-96bb-326a8040c20c', '523525000990', 'BANK BARCLAYS INDONESIA', 1);
INSERT INTO `ref_bank` VALUES (69, '64f6f71e-c726-11ef-96bb-326a8040c20c', '523526000990', 'LIMAN INTERNASIONAL BANK', 1);
INSERT INTO `ref_bank` VALUES (70, '64f75e7a-c726-11ef-96bb-326a8040c20c', '523531000990', 'ANGLOMAS INTERNATIONAL BANK', 1);
INSERT INTO `ref_bank` VALUES (71, '64f7d5a5-c726-11ef-96bb-326a8040c20c', '523535000990', 'BANK SEABANK INDONESIA', 1);
INSERT INTO `ref_bank` VALUES (72, '64f84c52-c726-11ef-96bb-326a8040c20c', '523542000990', 'BANK ARTOS INDONESIA', 1);
INSERT INTO `ref_bank` VALUES (73, '64f8bf3a-c726-11ef-96bb-326a8040c20c', '523547000990', 'BANK SAHABAT PURBA DANARTA', 1);
INSERT INTO `ref_bank` VALUES (74, '64f94ad5-c726-11ef-96bb-326a8040c20c', '523548000990', 'BANK MULTI ARTA SENTOSA', 1);
INSERT INTO `ref_bank` VALUES (75, '64f9c73c-c726-11ef-96bb-326a8040c20c', '523553000990', 'BANK HIBANK', 1);
INSERT INTO `ref_bank` VALUES (76, '64fa47fb-c726-11ef-96bb-326a8040c20c', '523555000990', 'BANK INDEX SELINDO', 1);
INSERT INTO `ref_bank` VALUES (77, '64fac7a3-c726-11ef-96bb-326a8040c20c', '523559000990', 'CENTRATAMA NASIONAL BANK', 1);
INSERT INTO `ref_bank` VALUES (78, '64fb3ff9-c726-11ef-96bb-326a8040c20c', '523562000990', 'BANK FAMA INTERNATIONAL', 1);
INSERT INTO `ref_bank` VALUES (79, '64fbb101-c726-11ef-96bb-326a8040c20c', '523564000990', 'BANK MANDIRI TASPEN', 1);
INSERT INTO `ref_bank` VALUES (80, '64fc1c27-c726-11ef-96bb-326a8040c20c', '523566000990', 'BANK VICTORIA INTERNATIONAL', 1);
INSERT INTO `ref_bank` VALUES (81, '64fc8cb3-c726-11ef-96bb-326a8040c20c', '523567000990', 'BANK HARDA INTERNASIONAL', 1);
INSERT INTO `ref_bank` VALUES (82, '64fd0b2e-c726-11ef-96bb-326a8040c20c', '524110000990', 'BPD JABAR BANTEN', 1);
INSERT INTO `ref_bank` VALUES (83, '64fd8502-c726-11ef-96bb-326a8040c20c', '524111000990', 'BPD DKI', 1);
INSERT INTO `ref_bank` VALUES (84, '64fdf2a5-c726-11ef-96bb-326a8040c20c', '524112000990', 'BPD YOGYAKARTA', 1);
INSERT INTO `ref_bank` VALUES (85, '64fe7c9c-c726-11ef-96bb-326a8040c20c', '524113000990', 'BPD JAWA TENGAH', 1);
INSERT INTO `ref_bank` VALUES (86, '64fef5ab-c726-11ef-96bb-326a8040c20c', '524114000990', 'BPD JAWA TIMUR', 1);
INSERT INTO `ref_bank` VALUES (87, '64ff7289-c726-11ef-96bb-326a8040c20c', '524115000990', 'BPD JAMBI', 1);
INSERT INTO `ref_bank` VALUES (88, '64ffe948-c726-11ef-96bb-326a8040c20c', '524117000990', 'BPD SUMATERA UTARA', 1);
INSERT INTO `ref_bank` VALUES (89, '6500604d-c726-11ef-96bb-326a8040c20c', '524118000990', 'BANK NAGARI', 1);
INSERT INTO `ref_bank` VALUES (90, '6500c822-c726-11ef-96bb-326a8040c20c', '524119000990', 'BPD RIAU', 1);
INSERT INTO `ref_bank` VALUES (91, '65012c78-c726-11ef-96bb-326a8040c20c', '524120000990', 'BPD SUMSEL dan BABEL', 1);
INSERT INTO `ref_bank` VALUES (92, '6501ad31-c726-11ef-96bb-326a8040c20c', '524121000990', 'BPD LAMPUNG', 1);
INSERT INTO `ref_bank` VALUES (93, '65022974-c726-11ef-96bb-326a8040c20c', '524122000990', 'BPD KALIMANTAN SELATAN', 1);
INSERT INTO `ref_bank` VALUES (94, '65029f77-c726-11ef-96bb-326a8040c20c', '524123000990', 'BPD KALIMANTAN BARAT', 1);
INSERT INTO `ref_bank` VALUES (95, '65031d69-c726-11ef-96bb-326a8040c20c', '524124000990', 'BPD KALIMANTAN TIMUR DAN KALIMANTAN UTARA', 1);
INSERT INTO `ref_bank` VALUES (96, '65042bd2-c726-11ef-96bb-326a8040c20c', '524125000990', 'BPD KALIMANTAN TENGAH', 1);
INSERT INTO `ref_bank` VALUES (97, '6504bb59-c726-11ef-96bb-326a8040c20c', '524126000990', 'BPD SULAWESI SELATAN', 1);
INSERT INTO `ref_bank` VALUES (98, '65053758-c726-11ef-96bb-326a8040c20c', '524127000990', 'BPD SULAWESI UTARA', 1);
INSERT INTO `ref_bank` VALUES (99, '6505afe1-c726-11ef-96bb-326a8040c20c', '524129000990', 'BPD BALI', 1);
INSERT INTO `ref_bank` VALUES (100, '65062619-c726-11ef-96bb-326a8040c20c', '524130000990', 'BPD NUSA TENGGARA TIMUR', 1);
INSERT INTO `ref_bank` VALUES (101, '65069014-c726-11ef-96bb-326a8040c20c', '524131000990', 'BPD MALUKU', 1);
INSERT INTO `ref_bank` VALUES (102, '65070a3e-c726-11ef-96bb-326a8040c20c', '524132000990', 'BPD PAPUA', 1);
INSERT INTO `ref_bank` VALUES (103, '65077d73-c726-11ef-96bb-326a8040c20c', '524133000990', 'BPD BENGKULU', 1);
INSERT INTO `ref_bank` VALUES (104, '6507edc3-c726-11ef-96bb-326a8040c20c', '524134000990', 'BPD SULAWESI TENGAH', 1);
INSERT INTO `ref_bank` VALUES (105, '65086158-c726-11ef-96bb-326a8040c20c', '524135000990', 'BPD SULAWESI TENGGARA', 1);
INSERT INTO `ref_bank` VALUES (106, '6508d53e-c726-11ef-96bb-326a8040c20c', '524137000990', 'BANK PEMBANGUNAN DAERAH BANTEN', 1);
INSERT INTO `ref_bank` VALUES (107, '65094225-c726-11ef-96bb-326a8040c20c', '525011000990', 'BANK DANAMON SYARIAH', 1);
INSERT INTO `ref_bank` VALUES (108, '6509b9d1-c726-11ef-96bb-326a8040c20c', '525013000990', 'BANK PERMATA SYARIAH', 1);
INSERT INTO `ref_bank` VALUES (109, '650a314a-c726-11ef-96bb-326a8040c20c', '525016000990', 'BANK INTERNASIONAL INDONESIA SYARIAH', 1);
INSERT INTO `ref_bank` VALUES (110, '650aac57-c726-11ef-96bb-326a8040c20c', '525022000990', 'BANK CIMB NIAGA SYARIAH', 1);
INSERT INTO `ref_bank` VALUES (111, '650b2230-c726-11ef-96bb-326a8040c20c', '525028000990', 'BANK OCBC NISP SYARIAH', 1);
INSERT INTO `ref_bank` VALUES (112, '650b9316-c726-11ef-96bb-326a8040c20c', '525041000990', 'HSBC SYARIAH', 1);
INSERT INTO `ref_bank` VALUES (113, '650c10f8-c726-11ef-96bb-326a8040c20c', '525111000990', 'BPD DKI SYARIAH', 1);
INSERT INTO `ref_bank` VALUES (114, '650c8ce5-c726-11ef-96bb-326a8040c20c', '525112000990', 'BPD YOGYAKARTA SYARIAH', 1);
INSERT INTO `ref_bank` VALUES (115, '650cfa26-c726-11ef-96bb-326a8040c20c', '525113000990', 'BPD JAWA TENGAH SYARIAH', 1);
INSERT INTO `ref_bank` VALUES (116, '650d6f6f-c726-11ef-96bb-326a8040c20c', '525114000990', 'BPD JAWA TIMUR SYARIAH', 1);
INSERT INTO `ref_bank` VALUES (117, '650de6b4-c726-11ef-96bb-326a8040c20c', '525115000990', 'BPD JAMBI SYARIAH', 1);
INSERT INTO `ref_bank` VALUES (118, '650e567a-c726-11ef-96bb-326a8040c20c', '525116000990', 'BPD ACEH SYARIAH', 1);
INSERT INTO `ref_bank` VALUES (119, '650ecdd6-c726-11ef-96bb-326a8040c20c', '525117000990', 'BPD SUMATERA UTARA SYARIAH', 1);
INSERT INTO `ref_bank` VALUES (120, '650f59e2-c726-11ef-96bb-326a8040c20c', '525118000990', 'BPD SUMATERA BARAT SYARIAH', 1);
INSERT INTO `ref_bank` VALUES (121, '650fcb95-c726-11ef-96bb-326a8040c20c', '525119001990', 'BPD RIAU KEPRI SYARIAH', 1);
INSERT INTO `ref_bank` VALUES (122, '65104050-c726-11ef-96bb-326a8040c20c', '525120000990', 'BPD SUMSEL dan BABEL SYARIAH', 1);
INSERT INTO `ref_bank` VALUES (123, '6510ae2d-c726-11ef-96bb-326a8040c20c', '525122000990', 'BPD KALIMANTAN SELATAN SYARIAH', 1);
INSERT INTO `ref_bank` VALUES (124, '65113803-c726-11ef-96bb-326a8040c20c', '525123000990', 'BPD KALIMANTAN BARAT SYARIAH', 1);
INSERT INTO `ref_bank` VALUES (125, '6511ae8c-c726-11ef-96bb-326a8040c20c', '525124000990', 'BPD KALIMANTAN TIMUR DAN KALIMANTAN UTARA UNIT USAHA SYARIAH', 1);
INSERT INTO `ref_bank` VALUES (126, '651221bc-c726-11ef-96bb-326a8040c20c', '525126000990', 'BPD SULAWESI SELATAN DAN SULAWESI BARAT UNIT USAHA SYARIAH', 1);
INSERT INTO `ref_bank` VALUES (127, '65129509-c726-11ef-96bb-326a8040c20c', '525128001990', 'BPD NUSA TENGGARA BARAT SYARIAH', 1);
INSERT INTO `ref_bank` VALUES (128, '65130ec4-c726-11ef-96bb-326a8040c20c', '525147000990', 'BANK MUAMALAT INDONESIA', 1);
INSERT INTO `ref_bank` VALUES (129, '65137e2a-c726-11ef-96bb-326a8040c20c', '525200000990', 'BANK TABUNGAN NEGARA SYARIAH', 1);
INSERT INTO `ref_bank` VALUES (130, '6513fc8b-c726-11ef-96bb-326a8040c20c', '525253000990', 'BANK NANO SYARIAH', 1);
INSERT INTO `ref_bank` VALUES (131, '65147309-c726-11ef-96bb-326a8040c20c', '525405000990', 'BANK VICTORIA SYARIAH', 1);
INSERT INTO `ref_bank` VALUES (132, '6514e974-c726-11ef-96bb-326a8040c20c', '525425000990', 'BPD JABAR BANTEN SYARIAH', 1);
INSERT INTO `ref_bank` VALUES (133, '65156f25-c726-11ef-96bb-326a8040c20c', '525451000990', 'BANK SYARIAH INDONESIA', 1);
INSERT INTO `ref_bank` VALUES (134, '6515e06e-c726-11ef-96bb-326a8040c20c', '525506000990', 'BANK MEGA SYARIAH', 1);
INSERT INTO `ref_bank` VALUES (135, '65165460-c726-11ef-96bb-326a8040c20c', '525517000990', 'BANK PANIN DUBAI SYARIAH', 1);
INSERT INTO `ref_bank` VALUES (136, '6516d044-c726-11ef-96bb-326a8040c20c', '525521000990', 'BANK BUKOPIN SYARIAH', 1);
INSERT INTO `ref_bank` VALUES (137, '65174219-c726-11ef-96bb-326a8040c20c', '525536000990', 'BANK CENTRAL ASIA SYARIAH', 1);
INSERT INTO `ref_bank` VALUES (138, '6517b613-c726-11ef-96bb-326a8040c20c', '525547000990', 'BANK TABUNGAN PENSIUNAN NASIONAL SYARIAH', 1);
INSERT INTO `ref_bank` VALUES (139, '651824ed-c726-11ef-96bb-326a8040c20c', '525947000990', 'BANK MAYBANK SYARIAH', 1);
INSERT INTO `ref_bank` VALUES (140, '65189b70-c726-11ef-96bb-326a8040c20c', '550000513990', 'POS INDONESIA', 1);
INSERT INTO `ref_bank` VALUES (141, '65191468-c726-11ef-96bb-326a8040c20c', '551000001990', 'PT. ARTAJASA PEMBAYARAN ELEKTRONIS', 1);
INSERT INTO `ref_bank` VALUES (142, '651985cd-c726-11ef-96bb-326a8040c20c', '551000010990', 'PT. KUSTODIAN SENTRAL EFEK INDONESIA', 1);
INSERT INTO `ref_bank` VALUES (143, '6519fd46-c726-11ef-96bb-326a8040c20c', '551000011990', 'PT. FINNET INDONESIA', 1);
INSERT INTO `ref_bank` VALUES (144, '651a7079-c726-11ef-96bb-326a8040c20c', '810000980990', 'BANK INDONESIA', 1);
INSERT INTO `ref_bank` VALUES (145, '651ae679-c726-11ef-96bb-326a8040c20c', '900000000001', 'PT Tokopedia', 1);
INSERT INTO `ref_bank` VALUES (146, '651b5f7b-c726-11ef-96bb-326a8040c20c', '900000000002', 'PT Bukalapak.com', 1);
INSERT INTO `ref_bank` VALUES (147, '651bd212-c726-11ef-96bb-326a8040c20c', '900000000003', 'PT Mitra Pajakku', 1);
INSERT INTO `ref_bank` VALUES (148, '651c40b6-c726-11ef-96bb-326a8040c20c', '900000000004', 'PT Indomarco Prismatama', 1);
INSERT INTO `ref_bank` VALUES (149, '651caea1-c726-11ef-96bb-326a8040c20c', '900000000005', 'PT Achilles Advanced Systems', 1);
INSERT INTO `ref_bank` VALUES (150, '651d2730-c726-11ef-96bb-326a8040c20c', '900000000006', 'PT Bimasakti Multi Sinergi', 1);
INSERT INTO `ref_bank` VALUES (151, '651d9fe4-c726-11ef-96bb-326a8040c20c', '900000000007', 'PT Espay Debit Indonesia Koe (Dana)', 1);
INSERT INTO `ref_bank` VALUES (152, '651e279a-c726-11ef-96bb-326a8040c20c', '900000000008', 'PT Shopee International Indonesia', 1);
INSERT INTO `ref_bank` VALUES (153, '651e983a-c726-11ef-96bb-326a8040c20c', '900000000009', 'PT GUUD Logistics Indonesia', 1);
INSERT INTO `ref_bank` VALUES (154, '651f0322-c726-11ef-96bb-326a8040c20c', '900000000010', 'PT Nebula Surya Corpora', 1);
INSERT INTO `ref_bank` VALUES (155, '651f9541-c726-11ef-96bb-326a8040c20c', '900000000011', 'PT Nusa Satu Inti Artha', 1);
INSERT INTO `ref_bank` VALUES (156, '652013f9-c726-11ef-96bb-326a8040c20c', '900000000012', 'PT Visionet Internasional (OVO)', 1);

-- ----------------------------
-- Table structure for ref_barang_bidang
-- ----------------------------
DROP TABLE IF EXISTS `ref_barang_bidang`;
CREATE TABLE `ref_barang_bidang`  (
  `id` int(11) NOT NULL AUTO_INCREMENT,
  `uuid` varchar(36) CHARACTER SET latin1 COLLATE latin1_swedish_ci NULL DEFAULT NULL,
  `code` varchar(25) CHARACTER SET latin1 COLLATE latin1_swedish_ci NULL DEFAULT NULL,
  `name` varchar(255) CHARACTER SET latin1 COLLATE latin1_swedish_ci NULL DEFAULT NULL,
  `golongan_code` varchar(25) CHARACTER SET latin1 COLLATE latin1_swedish_ci NULL DEFAULT NULL,
  `is_active` int(1) NULL DEFAULT NULL,
  PRIMARY KEY (`id`) USING BTREE,
  INDEX `golongan_code`(`golongan_code`) USING BTREE,
  INDEX `is_active`(`is_active`) USING BTREE
) ENGINE = InnoDB AUTO_INCREMENT = 47 CHARACTER SET = latin1 COLLATE = latin1_swedish_ci ROW_FORMAT = DYNAMIC;

-- ----------------------------
-- Records of ref_barang_bidang
-- ----------------------------
INSERT INTO `ref_barang_bidang` VALUES (1, '4bf0ddf5-c68f-11ef-acc6-8819e42d3275', '101', 'BARANG PAKAI HABIS', '1', 1);
INSERT INTO `ref_barang_bidang` VALUES (2, '4bf2fb8a-c68f-11ef-acc6-8819e42d3275', '102', 'BARANG TAK HABIS PAKAI', '1', 1);
INSERT INTO `ref_barang_bidang` VALUES (3, '4bf380f4-c68f-11ef-acc6-8819e42d3275', '103', 'BARANG BEKAS DIPAKAI', '1', 1);
INSERT INTO `ref_barang_bidang` VALUES (4, '4bf405b6-c68f-11ef-acc6-8819e42d3275', '201', 'TANAH', '2', 1);
INSERT INTO `ref_barang_bidang` VALUES (5, '4bf4809d-c68f-11ef-acc6-8819e42d3275', '277', 'TANAH SENGKETA', '2', 1);
INSERT INTO `ref_barang_bidang` VALUES (6, '4bf4f936-c68f-11ef-acc6-8819e42d3275', '301', 'ALAT BESAR', '3', 1);
INSERT INTO `ref_barang_bidang` VALUES (7, '4bf57209-c68f-11ef-acc6-8819e42d3275', '302', 'ALAT ANGKUTAN', '3', 1);
INSERT INTO `ref_barang_bidang` VALUES (8, '4bf5fcd5-c68f-11ef-acc6-8819e42d3275', '303', 'ALAT BENGKEL DAN ALAT UKUR', '3', 1);
INSERT INTO `ref_barang_bidang` VALUES (9, '4bf68163-c68f-11ef-acc6-8819e42d3275', '304', 'ALAT PERTANIAN', '3', 1);
INSERT INTO `ref_barang_bidang` VALUES (10, '4bf70438-c68f-11ef-acc6-8819e42d3275', '305', 'ALAT KANTOR & RUMAH TANGGA', '3', 1);
INSERT INTO `ref_barang_bidang` VALUES (11, '4bf78bfa-c68f-11ef-acc6-8819e42d3275', '306', 'ALAT STUDIO, KOMUNIKASI DAN PEMANCAR', '3', 1);
INSERT INTO `ref_barang_bidang` VALUES (12, '4bf80d0a-c68f-11ef-acc6-8819e42d3275', '307', 'ALAT KEDOKTERAN DAN KESEHATAN', '3', 1);
INSERT INTO `ref_barang_bidang` VALUES (13, '4bf895b7-c68f-11ef-acc6-8819e42d3275', '308', 'ALAT LABORATORIUM', '3', 1);
INSERT INTO `ref_barang_bidang` VALUES (14, '4bf914dd-c68f-11ef-acc6-8819e42d3275', '309', 'ALAT PERSENJATAAN', '3', 1);
INSERT INTO `ref_barang_bidang` VALUES (15, '4bf99d63-c68f-11ef-acc6-8819e42d3275', '310', 'KOMPUTER', '3', 1);
INSERT INTO `ref_barang_bidang` VALUES (16, '4bfa21b5-c68f-11ef-acc6-8819e42d3275', '311', 'ALAT EKSPLORASI', '3', 1);
INSERT INTO `ref_barang_bidang` VALUES (17, '4bfa9daf-c68f-11ef-acc6-8819e42d3275', '312', 'ALAT PENGEBORAN', '3', 1);
INSERT INTO `ref_barang_bidang` VALUES (18, '4bfb12ae-c68f-11ef-acc6-8819e42d3275', '313', 'ALAT PRODUKSI, PENGOLAHAN DAN PEMURNIAN', '3', 1);
INSERT INTO `ref_barang_bidang` VALUES (19, '4bfb92aa-c68f-11ef-acc6-8819e42d3275', '314', 'ALAT BANTU EKSPLORASI', '3', 1);
INSERT INTO `ref_barang_bidang` VALUES (20, '4bfc1208-c68f-11ef-acc6-8819e42d3275', '315', 'ALAT KESELAMATAN KERJA', '3', 1);
INSERT INTO `ref_barang_bidang` VALUES (21, '4bfc909a-c68f-11ef-acc6-8819e42d3275', '316', 'ALAT PERAGA', '3', 1);
INSERT INTO `ref_barang_bidang` VALUES (22, '4bfd17b9-c68f-11ef-acc6-8819e42d3275', '317', 'PERALATAN PROSES/PRODUKSI', '3', 1);
INSERT INTO `ref_barang_bidang` VALUES (23, '4bfd9353-c68f-11ef-acc6-8819e42d3275', '318', 'RAMBU - RAMBU', '3', 1);
INSERT INTO `ref_barang_bidang` VALUES (24, '4bfe33c0-c68f-11ef-acc6-8819e42d3275', '319', 'PERALATAN OLAH RAGA', '3', 1);
INSERT INTO `ref_barang_bidang` VALUES (25, '4bfeacf0-c68f-11ef-acc6-8819e42d3275', '320', 'PERALATAN KEIMIGRASIAN', '3', 1);
INSERT INTO `ref_barang_bidang` VALUES (26, '4bff22a9-c68f-11ef-acc6-8819e42d3275', '321', 'PERALATAN INSTALASI GEDUNG DAN BANGUNAN', '3', 1);
INSERT INTO `ref_barang_bidang` VALUES (27, '4bff9c32-c68f-11ef-acc6-8819e42d3275', '401', 'BANGUNAN GEDUNG', '4', 1);
INSERT INTO `ref_barang_bidang` VALUES (28, '4c0031cb-c68f-11ef-acc6-8819e42d3275', '402', 'MONUMEN', '4', 1);
INSERT INTO `ref_barang_bidang` VALUES (29, '4c00d335-c68f-11ef-acc6-8819e42d3275', '403', 'BANGUNAN MENARA', '4', 1);
INSERT INTO `ref_barang_bidang` VALUES (30, '4c0143fc-c68f-11ef-acc6-8819e42d3275', '404', 'TUGU TITIK KONTROL/PASTI', '4', 1);
INSERT INTO `ref_barang_bidang` VALUES (31, '4c01bde5-c68f-11ef-acc6-8819e42d3275', '501', 'JALAN DAN JEMBATAN', '5', 1);
INSERT INTO `ref_barang_bidang` VALUES (32, '4c02408d-c68f-11ef-acc6-8819e42d3275', '502', 'BANGUNAN AIR', '5', 1);
INSERT INTO `ref_barang_bidang` VALUES (33, '4c02e6e5-c68f-11ef-acc6-8819e42d3275', '503', 'INSTALASI', '5', 1);
INSERT INTO `ref_barang_bidang` VALUES (34, '4c036d6e-c68f-11ef-acc6-8819e42d3275', '504', 'JARINGAN', '5', 1);
INSERT INTO `ref_barang_bidang` VALUES (35, '4c03f077-c68f-11ef-acc6-8819e42d3275', '601', 'BAHAN PERPUSTAKAAN', '6', 1);
INSERT INTO `ref_barang_bidang` VALUES (36, '4c046e9c-c68f-11ef-acc6-8819e42d3275', '602', 'BARANG BERCORAK KESENIAN/KEBUDAYAAN/OLAHRAGA', '6', 1);
INSERT INTO `ref_barang_bidang` VALUES (37, '4c05018e-c68f-11ef-acc6-8819e42d3275', '603', 'HEWAN', '6', 1);
INSERT INTO `ref_barang_bidang` VALUES (38, '4c057ff0-c68f-11ef-acc6-8819e42d3275', '604', 'IKAN', '6', 1);
INSERT INTO `ref_barang_bidang` VALUES (39, '4c05ecf5-c68f-11ef-acc6-8819e42d3275', '605', 'TANAMAN', '6', 1);
INSERT INTO `ref_barang_bidang` VALUES (40, '4c0651cc-c68f-11ef-acc6-8819e42d3275', '606', 'BARANG KOLEKSI NON BUDAYA', '6', 1);
INSERT INTO `ref_barang_bidang` VALUES (41, '4c06b9a7-c68f-11ef-acc6-8819e42d3275', '607', 'ASET TETAP DALAM RENOVASI', '6', 1);
INSERT INTO `ref_barang_bidang` VALUES (42, '4c07298b-c68f-11ef-acc6-8819e42d3275', '701', 'KONSTRUKSI DALAM PENGERJAAN', '7', 1);
INSERT INTO `ref_barang_bidang` VALUES (43, '4c07b576-c68f-11ef-acc6-8819e42d3275', '801', 'ASET TAK BERWUJUD', '8', 1);
INSERT INTO `ref_barang_bidang` VALUES (44, '4c082730-c68f-11ef-acc6-8819e42d3275', '802', 'ASET TAK BERWUJUD DALAM PENGERJAAN', '8', 1);
INSERT INTO `ref_barang_bidang` VALUES (45, '4c089ad2-c68f-11ef-acc6-8819e42d3275', '803', 'ASET KEMITRAAN', '8', 1);
INSERT INTO `ref_barang_bidang` VALUES (46, '4c090b60-c68f-11ef-acc6-8819e42d3275', '901', 'Aset Konsesi Jasa', '9', 1);

-- ----------------------------
-- Table structure for ref_barang_golongan
-- ----------------------------
DROP TABLE IF EXISTS `ref_barang_golongan`;
CREATE TABLE `ref_barang_golongan`  (
  `id` int(11) NOT NULL AUTO_INCREMENT,
  `uuid` varchar(36) CHARACTER SET latin1 COLLATE latin1_swedish_ci NULL DEFAULT NULL,
  `code` varchar(25) CHARACTER SET latin1 COLLATE latin1_swedish_ci NULL DEFAULT NULL,
  `name` varchar(255) CHARACTER SET latin1 COLLATE latin1_swedish_ci NULL DEFAULT NULL,
  `is_active` int(1) NULL DEFAULT NULL,
  PRIMARY KEY (`id`) USING BTREE,
  INDEX `is_active`(`is_active`) USING BTREE
) ENGINE = InnoDB AUTO_INCREMENT = 10 CHARACTER SET = latin1 COLLATE = latin1_swedish_ci ROW_FORMAT = DYNAMIC;

-- ----------------------------
-- Records of ref_barang_golongan
-- ----------------------------
INSERT INTO `ref_barang_golongan` VALUES (1, '48dabd9b-c68f-11ef-acc6-8819e42d3275', '1', 'PERSEDIAAN', 1);
INSERT INTO `ref_barang_golongan` VALUES (2, '48db560c-c68f-11ef-acc6-8819e42d3275', '2', 'TANAH', 1);
INSERT INTO `ref_barang_golongan` VALUES (3, '48dbce8a-c68f-11ef-acc6-8819e42d3275', '3', 'PERALATAN DAN MESIN', 1);
INSERT INTO `ref_barang_golongan` VALUES (4, '48dc7e86-c68f-11ef-acc6-8819e42d3275', '4', 'GEDUNG DAN BANGUNAN', 1);
INSERT INTO `ref_barang_golongan` VALUES (5, '48dd4696-c68f-11ef-acc6-8819e42d3275', '5', 'JALAN, IRIGASI DAN JARINGAN', 1);
INSERT INTO `ref_barang_golongan` VALUES (6, '48ddb28f-c68f-11ef-acc6-8819e42d3275', '6', 'ASET TETAP LAINNYA', 1);
INSERT INTO `ref_barang_golongan` VALUES (7, '48de2363-c68f-11ef-acc6-8819e42d3275', '7', 'KONSTRUKSI DALAM PENGERJAAN', 1);
INSERT INTO `ref_barang_golongan` VALUES (8, '48de91a2-c68f-11ef-acc6-8819e42d3275', '8', 'ASET TAK BERWUJUD', 1);
INSERT INTO `ref_barang_golongan` VALUES (9, '48df0da4-c68f-11ef-acc6-8819e42d3275', '9', 'ASET LAIN-LAIN', 1);

-- ----------------------------
-- Table structure for ref_barang_kelompok
-- ----------------------------
DROP TABLE IF EXISTS `ref_barang_kelompok`;
CREATE TABLE `ref_barang_kelompok`  (
  `id` int(11) NOT NULL AUTO_INCREMENT,
  `uuid` varchar(36) CHARACTER SET latin1 COLLATE latin1_swedish_ci NULL DEFAULT NULL,
  `code` varchar(25) CHARACTER SET latin1 COLLATE latin1_swedish_ci NULL DEFAULT NULL,
  `name` varchar(255) CHARACTER SET latin1 COLLATE latin1_swedish_ci NULL DEFAULT NULL,
  `bidang_code` varchar(25) CHARACTER SET latin1 COLLATE latin1_swedish_ci NULL DEFAULT NULL,
  `is_active` int(1) NULL DEFAULT NULL,
  PRIMARY KEY (`id`) USING BTREE,
  INDEX `bidang_code`(`bidang_code`) USING BTREE,
  INDEX `is_active`(`is_active`) USING BTREE
) ENGINE = InnoDB AUTO_INCREMENT = 138 CHARACTER SET = latin1 COLLATE = latin1_swedish_ci ROW_FORMAT = DYNAMIC;

-- ----------------------------
-- Records of ref_barang_kelompok
-- ----------------------------
INSERT INTO `ref_barang_kelompok` VALUES (1, '4f42c849-c68f-11ef-acc6-8819e42d3275', '10101', 'BAHAN', '101', 1);
INSERT INTO `ref_barang_kelompok` VALUES (2, '4f4520f2-c68f-11ef-acc6-8819e42d3275', '10102', 'SUKU CADANG', '101', 1);
INSERT INTO `ref_barang_kelompok` VALUES (3, '4f45a18a-c68f-11ef-acc6-8819e42d3275', '10103', 'ALAT/BAHAN UNTUK KEGIATAN KANTOR', '101', 1);
INSERT INTO `ref_barang_kelompok` VALUES (4, '4f4651f7-c68f-11ef-acc6-8819e42d3275', '10104', 'OBAT-OBATAN', '101', 1);
INSERT INTO `ref_barang_kelompok` VALUES (5, '4f47053d-c68f-11ef-acc6-8819e42d3275', '10105', 'PERSEDIAAN UNTUK DIJUAL/DISERAHKAN', '101', 1);
INSERT INTO `ref_barang_kelompok` VALUES (6, '4f47966d-c68f-11ef-acc6-8819e42d3275', '10106', 'PERSEDIAAN UNTUK TUJUAN STRATEGIS/BERJAGA-JAGA', '101', 1);
INSERT INTO `ref_barang_kelompok` VALUES (7, '4f4824fa-c68f-11ef-acc6-8819e42d3275', '10107', 'NATURA DAN PAKAN', '101', 1);
INSERT INTO `ref_barang_kelompok` VALUES (8, '4f48a365-c68f-11ef-acc6-8819e42d3275', '10108', 'PERSEDIAAN PENELITIAN BIOLOGI', '101', 1);
INSERT INTO `ref_barang_kelompok` VALUES (9, '4f492057-c68f-11ef-acc6-8819e42d3275', '10109', 'PERSEDIAAN DALAM PROSES', '101', 1);
INSERT INTO `ref_barang_kelompok` VALUES (10, '4f49a84c-c68f-11ef-acc6-8819e42d3275', '10110', 'PERSEDIAAN DARI BELANJA BANTUAN SOSIAL', '101', 1);
INSERT INTO `ref_barang_kelompok` VALUES (11, '4f4a27a1-c68f-11ef-acc6-8819e42d3275', '10201', 'KOMPONEN', '102', 1);
INSERT INTO `ref_barang_kelompok` VALUES (12, '4f4ab384-c68f-11ef-acc6-8819e42d3275', '10202', 'P I P A', '102', 1);
INSERT INTO `ref_barang_kelompok` VALUES (13, '4f4b290f-c68f-11ef-acc6-8819e42d3275', '10203', 'RAMBU-RAMBU', '102', 1);
INSERT INTO `ref_barang_kelompok` VALUES (14, '4f4ba397-c68f-11ef-acc6-8819e42d3275', '10301', 'KOMPONEN BEKAS DAN PIPA BEKAS', '103', 1);
INSERT INTO `ref_barang_kelompok` VALUES (15, '4f4c27d2-c68f-11ef-acc6-8819e42d3275', '20101', 'TANAH PERSIL', '201', 1);
INSERT INTO `ref_barang_kelompok` VALUES (16, '4f4cae2d-c68f-11ef-acc6-8819e42d3275', '20102', 'TANAH NON PERSIL', '201', 1);
INSERT INTO `ref_barang_kelompok` VALUES (17, '4f4d3030-c68f-11ef-acc6-8819e42d3275', '20103', 'LAPANGAN', '201', 1);
INSERT INTO `ref_barang_kelompok` VALUES (18, '4f4dad98-c68f-11ef-acc6-8819e42d3275', '20104', 'TANAH ASET DALAM PENGUASAAN', '201', 1);
INSERT INTO `ref_barang_kelompok` VALUES (19, '4f4e2c8d-c68f-11ef-acc6-8819e42d3275', '20105', 'TANAH LUAR NEGERI (HAK PAKAI JANGKA PANJANG)', '201', 1);
INSERT INTO `ref_barang_kelompok` VALUES (20, '4f4ebc3d-c68f-11ef-acc6-8819e42d3275', '30101', 'ALAT BESAR DARAT', '301', 1);
INSERT INTO `ref_barang_kelompok` VALUES (21, '4f4f571b-c68f-11ef-acc6-8819e42d3275', '30102', 'ALAT BESAR APUNG', '301', 1);
INSERT INTO `ref_barang_kelompok` VALUES (22, '4f4fd1e3-c68f-11ef-acc6-8819e42d3275', '30103', 'ALAT BANTU', '301', 1);
INSERT INTO `ref_barang_kelompok` VALUES (23, '4f5045f3-c68f-11ef-acc6-8819e42d3275', '30201', 'ALAT ANGKUTAN DARAT BERMOTOR', '302', 1);
INSERT INTO `ref_barang_kelompok` VALUES (24, '4f50b188-c68f-11ef-acc6-8819e42d3275', '30202', 'ALAT ANGKUTAN DARAT TAK BERMOTOR', '302', 1);
INSERT INTO `ref_barang_kelompok` VALUES (25, '4f51202d-c68f-11ef-acc6-8819e42d3275', '30203', 'ALAT ANGKUTAN APUNG BERMOTOR', '302', 1);
INSERT INTO `ref_barang_kelompok` VALUES (26, '4f519d74-c68f-11ef-acc6-8819e42d3275', '30204', 'ALAT ANGKUTAN APUNG TAK BERMOTOR', '302', 1);
INSERT INTO `ref_barang_kelompok` VALUES (27, '4f521092-c68f-11ef-acc6-8819e42d3275', '30205', 'ALAT ANGKUTAN BERMOTOR UDARA', '302', 1);
INSERT INTO `ref_barang_kelompok` VALUES (28, '4f527ca3-c68f-11ef-acc6-8819e42d3275', '30301', 'ALAT BENGKEL BERMESIN', '303', 1);
INSERT INTO `ref_barang_kelompok` VALUES (29, '4f52ee18-c68f-11ef-acc6-8819e42d3275', '30302', 'ALAT BENGKEL TAK BERMESIN', '303', 1);
INSERT INTO `ref_barang_kelompok` VALUES (30, '4f536278-c68f-11ef-acc6-8819e42d3275', '30303', 'ALAT UKUR', '303', 1);
INSERT INTO `ref_barang_kelompok` VALUES (31, '4f53d9a6-c68f-11ef-acc6-8819e42d3275', '30401', 'ALAT PENGOLAHAN', '304', 1);
INSERT INTO `ref_barang_kelompok` VALUES (32, '4f5457b1-c68f-11ef-acc6-8819e42d3275', '30501', 'ALAT KANTOR', '305', 1);
INSERT INTO `ref_barang_kelompok` VALUES (33, '4f54d41e-c68f-11ef-acc6-8819e42d3275', '30502', 'ALAT RUMAH TANGGA', '305', 1);
INSERT INTO `ref_barang_kelompok` VALUES (34, '4f55578d-c68f-11ef-acc6-8819e42d3275', '30601', 'ALAT STUDIO', '306', 1);
INSERT INTO `ref_barang_kelompok` VALUES (35, '4f55cb81-c68f-11ef-acc6-8819e42d3275', '30602', 'ALAT KOMUNIKASI', '306', 1);
INSERT INTO `ref_barang_kelompok` VALUES (36, '4f5640ce-c68f-11ef-acc6-8819e42d3275', '30603', 'PERALATAN PEMANCAR', '306', 1);
INSERT INTO `ref_barang_kelompok` VALUES (37, '4f56bb8f-c68f-11ef-acc6-8819e42d3275', '30604', 'PERALATAN KOMUNIKASI NAVIGASI', '306', 1);
INSERT INTO `ref_barang_kelompok` VALUES (38, '4f572dc1-c68f-11ef-acc6-8819e42d3275', '30701', 'ALAT KEDOKTERAN', '307', 1);
INSERT INTO `ref_barang_kelompok` VALUES (39, '4f579c52-c68f-11ef-acc6-8819e42d3275', '30702', 'ALAT KESEHATAN UMUM', '307', 1);
INSERT INTO `ref_barang_kelompok` VALUES (40, '4f580e25-c68f-11ef-acc6-8819e42d3275', '30801', 'UNIT ALAT LABORATORIUM', '308', 1);
INSERT INTO `ref_barang_kelompok` VALUES (41, '4f5884b3-c68f-11ef-acc6-8819e42d3275', '30802', 'UNIT ALAT LABORATORIUM KIMIA NUKLIR', '308', 1);
INSERT INTO `ref_barang_kelompok` VALUES (42, '4f58f81f-c68f-11ef-acc6-8819e42d3275', '30803', 'ALAT LABORATORIUM FISIKA NUKLIR/ELEKTRONIKA', '308', 1);
INSERT INTO `ref_barang_kelompok` VALUES (43, '4f596dfb-c68f-11ef-acc6-8819e42d3275', '30804', 'ALAT PROTEKSI RADIASI/PROTEKSI LINGKUNGAN', '308', 1);
INSERT INTO `ref_barang_kelompok` VALUES (44, '4f59d755-c68f-11ef-acc6-8819e42d3275', '30805', 'RADIATION APPLICATION & NON DESTRUCTIVE TESTING LABORATORY', '308', 1);
INSERT INTO `ref_barang_kelompok` VALUES (45, '4f5a45e1-c68f-11ef-acc6-8819e42d3275', '30806', 'ALAT LABORATORIUM LINGKUNGAN HIDUP', '308', 1);
INSERT INTO `ref_barang_kelompok` VALUES (46, '4f5ab264-c68f-11ef-acc6-8819e42d3275', '30807', 'PERALATAN LABORATORIUM HYDRODINAMICA', '308', 1);
INSERT INTO `ref_barang_kelompok` VALUES (47, '4f5b16d8-c68f-11ef-acc6-8819e42d3275', '30808', 'ALAT LABORATORIUM STANDARISASI KALIBRASI & INSTRUMENTASI', '308', 1);
INSERT INTO `ref_barang_kelompok` VALUES (48, '4f5b8b9c-c68f-11ef-acc6-8819e42d3275', '30901', 'SENJATA API', '309', 1);
INSERT INTO `ref_barang_kelompok` VALUES (49, '4f5c00d5-c68f-11ef-acc6-8819e42d3275', '30902', 'PERSENJATAAN NON SENJATA API', '309', 1);
INSERT INTO `ref_barang_kelompok` VALUES (50, '4f5c72d2-c68f-11ef-acc6-8819e42d3275', '30903', 'SENJATA SINAR', '309', 1);
INSERT INTO `ref_barang_kelompok` VALUES (51, '4f5ce0f0-c68f-11ef-acc6-8819e42d3275', '30904', 'ALAT KHUSUS KEPOLISIAN', '309', 1);
INSERT INTO `ref_barang_kelompok` VALUES (52, '4f5d4e70-c68f-11ef-acc6-8819e42d3275', '31001', 'KOMPUTER UNIT', '310', 1);
INSERT INTO `ref_barang_kelompok` VALUES (53, '4f5dbfb3-c68f-11ef-acc6-8819e42d3275', '31002', 'PERALATAN KOMPUTER', '310', 1);
INSERT INTO `ref_barang_kelompok` VALUES (54, '4f5e3fe3-c68f-11ef-acc6-8819e42d3275', '31101', 'ALAT EKSPLORASI TOPOGRAFI', '311', 1);
INSERT INTO `ref_barang_kelompok` VALUES (55, '4f5eb510-c68f-11ef-acc6-8819e42d3275', '31102', 'ALAT EKSPLORASI GEOFISIKA', '311', 1);
INSERT INTO `ref_barang_kelompok` VALUES (56, '4f5f1ef1-c68f-11ef-acc6-8819e42d3275', '31201', 'ALAT PENGEBORAN MESIN', '312', 1);
INSERT INTO `ref_barang_kelompok` VALUES (57, '4f5f844f-c68f-11ef-acc6-8819e42d3275', '31202', 'ALAT PENGEBORAN NON MESIN', '312', 1);
INSERT INTO `ref_barang_kelompok` VALUES (58, '4f5ff8bb-c68f-11ef-acc6-8819e42d3275', '31301', 'SUMUR', '313', 1);
INSERT INTO `ref_barang_kelompok` VALUES (59, '4f60626e-c68f-11ef-acc6-8819e42d3275', '31302', 'PRODUKSI', '313', 1);
INSERT INTO `ref_barang_kelompok` VALUES (60, '4f60d18e-c68f-11ef-acc6-8819e42d3275', '31303', 'PENGOLAHAN DAN PEMURNIAN', '313', 1);
INSERT INTO `ref_barang_kelompok` VALUES (61, '4f6140a3-c68f-11ef-acc6-8819e42d3275', '31304', 'OIL AND GAS PRODUCTION FACILITIES', '313', 1);
INSERT INTO `ref_barang_kelompok` VALUES (62, '4f61c006-c68f-11ef-acc6-8819e42d3275', '31305', 'WELLS', '313', 1);
INSERT INTO `ref_barang_kelompok` VALUES (63, '4f622d93-c68f-11ef-acc6-8819e42d3275', '31401', 'ALAT BANTU EKSPLORASI', '314', 1);
INSERT INTO `ref_barang_kelompok` VALUES (64, '4f62ab1e-c68f-11ef-acc6-8819e42d3275', '31402', 'ALAT BANTU PRODUKSI', '314', 1);
INSERT INTO `ref_barang_kelompok` VALUES (65, '4f6321ef-c68f-11ef-acc6-8819e42d3275', '31501', 'ALAT DETEKSI', '315', 1);
INSERT INTO `ref_barang_kelompok` VALUES (66, '4f6395fe-c68f-11ef-acc6-8819e42d3275', '31502', 'ALAT PELINDUNG', '315', 1);
INSERT INTO `ref_barang_kelompok` VALUES (67, '4f63fe56-c68f-11ef-acc6-8819e42d3275', '31503', 'ALAT SAR', '315', 1);
INSERT INTO `ref_barang_kelompok` VALUES (68, '4f64650e-c68f-11ef-acc6-8819e42d3275', '31504', 'ALAT KERJA PENERBANGAN', '315', 1);
INSERT INTO `ref_barang_kelompok` VALUES (69, '4f64da8f-c68f-11ef-acc6-8819e42d3275', '31601', 'ALAT PERAGA PELATIHAN DAN PERCONTOHAN', '316', 1);
INSERT INTO `ref_barang_kelompok` VALUES (70, '4f6560df-c68f-11ef-acc6-8819e42d3275', '31701', 'UNIT PERALATAN PROSES/PRODUKSI', '317', 1);
INSERT INTO `ref_barang_kelompok` VALUES (71, '4f65d6e6-c68f-11ef-acc6-8819e42d3275', '31801', 'RAMBU-RAMBU LALU LINTAS DARAT', '318', 1);
INSERT INTO `ref_barang_kelompok` VALUES (72, '4f664cb0-c68f-11ef-acc6-8819e42d3275', '31802', 'RAMBU-RAMBU LALU LINTAS UDARA', '318', 1);
INSERT INTO `ref_barang_kelompok` VALUES (73, '4f66b1d0-c68f-11ef-acc6-8819e42d3275', '31803', 'RAMBU-RAMBU LALU LINTAS LAUT', '318', 1);
INSERT INTO `ref_barang_kelompok` VALUES (74, '4f6719ad-c68f-11ef-acc6-8819e42d3275', '31901', 'PERALATAN OLAH RAGA', '319', 1);
INSERT INTO `ref_barang_kelompok` VALUES (75, '4f678516-c68f-11ef-acc6-8819e42d3275', '32001', 'PERALATAN KOMPUTER KEIMIGRASIAN', '320', 1);
INSERT INTO `ref_barang_kelompok` VALUES (76, '4f67f64c-c68f-11ef-acc6-8819e42d3275', '32002', 'ALAT KERJA KEIMIGRASIAN', '320', 1);
INSERT INTO `ref_barang_kelompok` VALUES (77, '4f686abd-c68f-11ef-acc6-8819e42d3275', '32101', 'PERALATAN INSTALASI KESELAMATAN', '321', 1);
INSERT INTO `ref_barang_kelompok` VALUES (78, '4f68dc9f-c68f-11ef-acc6-8819e42d3275', '40101', 'BANGUNAN GEDUNG TEMPAT KERJA', '401', 1);
INSERT INTO `ref_barang_kelompok` VALUES (79, '4f69489c-c68f-11ef-acc6-8819e42d3275', '40102', 'BANGUNAN GEDUNG TEMPAT TINGGAL', '401', 1);
INSERT INTO `ref_barang_kelompok` VALUES (80, '4f69af66-c68f-11ef-acc6-8819e42d3275', '40201', 'CANDI/TUGU PERINGATAN/PRASASTI', '402', 1);
INSERT INTO `ref_barang_kelompok` VALUES (81, '4f6a210e-c68f-11ef-acc6-8819e42d3275', '40301', 'BANGUNAN MENARA PERAMBUAN', '403', 1);
INSERT INTO `ref_barang_kelompok` VALUES (82, '4f6a9491-c68f-11ef-acc6-8819e42d3275', '40401', 'TUGU/TANDA BATAS', '404', 1);
INSERT INTO `ref_barang_kelompok` VALUES (83, '4f6b1010-c68f-11ef-acc6-8819e42d3275', '50101', 'JALAN', '501', 1);
INSERT INTO `ref_barang_kelompok` VALUES (84, '4f6b7cf0-c68f-11ef-acc6-8819e42d3275', '50102', 'JEMBATAN', '501', 1);
INSERT INTO `ref_barang_kelompok` VALUES (85, '4f6be6b5-c68f-11ef-acc6-8819e42d3275', '50201', 'BANGUNAN AIR IRIGASI', '502', 1);
INSERT INTO `ref_barang_kelompok` VALUES (86, '4f6c5460-c68f-11ef-acc6-8819e42d3275', '50202', 'BANGUNAN PENGAIRAN PASANG SURUT', '502', 1);
INSERT INTO `ref_barang_kelompok` VALUES (87, '4f6cc2b8-c68f-11ef-acc6-8819e42d3275', '50203', 'BANGUNAN PENGEMBANGAN RAWA DAN POLDER', '502', 1);
INSERT INTO `ref_barang_kelompok` VALUES (88, '4f6d417b-c68f-11ef-acc6-8819e42d3275', '50204', 'BANGUNAN PENGAMAN SUNGAI/PANTAI & PENANGGULANGAN BENCANA ALAM', '502', 1);
INSERT INTO `ref_barang_kelompok` VALUES (89, '4f6db685-c68f-11ef-acc6-8819e42d3275', '50205', 'BANGUNAN PENGEMBANGAN SUMBER AIR DAN AIR TANAH', '502', 1);
INSERT INTO `ref_barang_kelompok` VALUES (90, '4f6e23cb-c68f-11ef-acc6-8819e42d3275', '50206', 'BANGUNAN AIR BERSIH/AIR BAKU', '502', 1);
INSERT INTO `ref_barang_kelompok` VALUES (91, '4f6e8c82-c68f-11ef-acc6-8819e42d3275', '50207', 'BANGUNAN AIR KOTOR', '502', 1);
INSERT INTO `ref_barang_kelompok` VALUES (92, '4f6efd68-c68f-11ef-acc6-8819e42d3275', '50301', 'INSTALASI AIR BERSIH / AIR BAKU', '503', 1);
INSERT INTO `ref_barang_kelompok` VALUES (93, '4f6f6cb0-c68f-11ef-acc6-8819e42d3275', '50302', 'INSTALASI AIR KOTOR', '503', 1);
INSERT INTO `ref_barang_kelompok` VALUES (94, '4f6fed64-c68f-11ef-acc6-8819e42d3275', '50303', 'INSTALASI PENGOLAHAN SAMPAH', '503', 1);
INSERT INTO `ref_barang_kelompok` VALUES (95, '4f705c66-c68f-11ef-acc6-8819e42d3275', '50304', 'INSTALASI PENGOLAHAN BAHAN BANGUNAN', '503', 1);
INSERT INTO `ref_barang_kelompok` VALUES (96, '4f70cce8-c68f-11ef-acc6-8819e42d3275', '50305', 'INSTALASI PEMBANGKIT LISTRIK', '503', 1);
INSERT INTO `ref_barang_kelompok` VALUES (97, '4f713b79-c68f-11ef-acc6-8819e42d3275', '50306', 'INSTALASI GARDU LISTRIK', '503', 1);
INSERT INTO `ref_barang_kelompok` VALUES (98, '4f71ad3d-c68f-11ef-acc6-8819e42d3275', '50307', 'INSTALASI PERTAHANAN', '503', 1);
INSERT INTO `ref_barang_kelompok` VALUES (99, '4f721c3f-c68f-11ef-acc6-8819e42d3275', '50308', 'INSTALASI GAS', '503', 1);
INSERT INTO `ref_barang_kelompok` VALUES (100, '4f7290ab-c68f-11ef-acc6-8819e42d3275', '50309', 'INSTALASI PENGAMAN', '503', 1);
INSERT INTO `ref_barang_kelompok` VALUES (101, '4f730525-c68f-11ef-acc6-8819e42d3275', '50310', 'INSTALASI LAIN', '503', 1);
INSERT INTO `ref_barang_kelompok` VALUES (102, '4f737a63-c68f-11ef-acc6-8819e42d3275', '50401', 'JARINGAN AIR MINUM', '504', 1);
INSERT INTO `ref_barang_kelompok` VALUES (103, '4f73e8bf-c68f-11ef-acc6-8819e42d3275', '50402', 'JARINGAN LISTRIK', '504', 1);
INSERT INTO `ref_barang_kelompok` VALUES (104, '4f74552a-c68f-11ef-acc6-8819e42d3275', '50403', 'JARINGAN TELEPON', '504', 1);
INSERT INTO `ref_barang_kelompok` VALUES (105, '4f74c0a2-c68f-11ef-acc6-8819e42d3275', '50404', 'JARINGAN GAS', '504', 1);
INSERT INTO `ref_barang_kelompok` VALUES (106, '4f7535d7-c68f-11ef-acc6-8819e42d3275', '60101', 'BAHAN PERPUSTAKAAN TERCETAK', '601', 1);
INSERT INTO `ref_barang_kelompok` VALUES (107, '4f75a8eb-c68f-11ef-acc6-8819e42d3275', '60102', 'BAHAN PERPUSTAKAAN TEREKAM DAN BENTUK MIKRO', '601', 1);
INSERT INTO `ref_barang_kelompok` VALUES (108, '4f761734-c68f-11ef-acc6-8819e42d3275', '60103', 'KARTOGRAFI, NASKAH DAN LUKISAN', '601', 1);
INSERT INTO `ref_barang_kelompok` VALUES (109, '4f768ac6-c68f-11ef-acc6-8819e42d3275', '60201', 'BARANG BERCORAK KESENIAN', '602', 1);
INSERT INTO `ref_barang_kelompok` VALUES (110, '4f76f6e6-c68f-11ef-acc6-8819e42d3275', '60202', 'ALAT BERCORAK KEBUDAYAAN', '602', 1);
INSERT INTO `ref_barang_kelompok` VALUES (111, '4f777462-c68f-11ef-acc6-8819e42d3275', '60203', 'TANDA PENGHARGAAN BIDANG OLAH RAGA', '602', 1);
INSERT INTO `ref_barang_kelompok` VALUES (112, '4f77f35d-c68f-11ef-acc6-8819e42d3275', '60301', 'HEWAN PIARAAN', '603', 1);
INSERT INTO `ref_barang_kelompok` VALUES (113, '4f786480-c68f-11ef-acc6-8819e42d3275', '60302', 'TERNAK', '603', 1);
INSERT INTO `ref_barang_kelompok` VALUES (114, '4f78d28f-c68f-11ef-acc6-8819e42d3275', '60303', 'HEWAN LAINNYA', '603', 1);
INSERT INTO `ref_barang_kelompok` VALUES (115, '4f794b55-c68f-11ef-acc6-8819e42d3275', '60401', 'IKAN BERSIRIP (PISCES/IKAN BERSIRIP)', '604', 1);
INSERT INTO `ref_barang_kelompok` VALUES (116, '4f79bf06-c68f-11ef-acc6-8819e42d3275', '60402', 'CRUSTEA (UDANG, RAJUNGAN, KEPITING, DAN SEBANGSANYA)', '604', 1);
INSERT INTO `ref_barang_kelompok` VALUES (117, '4f7a3282-c68f-11ef-acc6-8819e42d3275', '60403', 'MOLLUSCA (KERANG, TIRAM, CUMI-CUMI, GURITA, SIPUT, DAN SEBANGSANY', '604', 1);
INSERT INTO `ref_barang_kelompok` VALUES (118, '4f7aac2e-c68f-11ef-acc6-8819e42d3275', '60404', 'COELENTERATA (UBUR-UBUR DAN SEBANGSANYA)', '604', 1);
INSERT INTO `ref_barang_kelompok` VALUES (119, '4f7b17bd-c68f-11ef-acc6-8819e42d3275', '60405', 'ECHINODERMATA (TRIPANG, BULU BABI, DAN SEBANGSANYA)', '604', 1);
INSERT INTO `ref_barang_kelompok` VALUES (120, '4f7b840d-c68f-11ef-acc6-8819e42d3275', '60406', 'AMPHIBIA (KODOK DAN SEBANGSANYA)', '604', 1);
INSERT INTO `ref_barang_kelompok` VALUES (121, '4f7bf981-c68f-11ef-acc6-8819e42d3275', '60407', 'REPTILIA (BUAYA, PENYU, KURA-KURA, BIAWAK, ULAR AIR, DAN SEBANGSA', '604', 1);
INSERT INTO `ref_barang_kelompok` VALUES (122, '4f7c66d1-c68f-11ef-acc6-8819e42d3275', '60408', 'MAMMALIA (PAUS, LUMBA-LUMBA, PESUT, DUYUNG, DAN SEBANGSANYA)', '604', 1);
INSERT INTO `ref_barang_kelompok` VALUES (123, '4f7cf2b3-c68f-11ef-acc6-8819e42d3275', '60409', 'ALGAE (RUMPUT LAUT DAN TUMBUH-TUMBUHAN LAIN YANG HIDUP DI DALAM A', '604', 1);
INSERT INTO `ref_barang_kelompok` VALUES (124, '4f7d65de-c68f-11ef-acc6-8819e42d3275', '60410', 'BIOTA PERAIRAN LAINNYA', '604', 1);
INSERT INTO `ref_barang_kelompok` VALUES (125, '4f7dd4f9-c68f-11ef-acc6-8819e42d3275', '60501', 'TANAMAN', '605', 1);
INSERT INTO `ref_barang_kelompok` VALUES (126, '4f7e418f-c68f-11ef-acc6-8819e42d3275', '60601', 'BARANG KOLEKSI NON BUDAYA', '606', 1);
INSERT INTO `ref_barang_kelompok` VALUES (127, '4f7eb22a-c68f-11ef-acc6-8819e42d3275', '60701', 'TANAH DALAM RENOVASI', '607', 1);
INSERT INTO `ref_barang_kelompok` VALUES (128, '4f7f2781-c68f-11ef-acc6-8819e42d3275', '60702', 'PERALATAN DAN MESIN DALAM RENOVASI', '607', 1);
INSERT INTO `ref_barang_kelompok` VALUES (129, '4f7fa6de-c68f-11ef-acc6-8819e42d3275', '60703', 'GEDUNG DAN BANGUNAN DALAM RENOVASI', '607', 1);
INSERT INTO `ref_barang_kelompok` VALUES (130, '4f80166c-c68f-11ef-acc6-8819e42d3275', '60704', 'JALAN, IRIGASI, DAN JARINGAN DALAM RENOVASI', '607', 1);
INSERT INTO `ref_barang_kelompok` VALUES (131, '4f808d9c-c68f-11ef-acc6-8819e42d3275', '60705', 'ASET TETAP LAINNYA DALAM RENOVASI', '607', 1);
INSERT INTO `ref_barang_kelompok` VALUES (132, '4f80f7c4-c68f-11ef-acc6-8819e42d3275', '70101', 'KONSTRUKSI DALAM PENGERJAAN', '701', 1);
INSERT INTO `ref_barang_kelompok` VALUES (133, '4f81710b-c68f-11ef-acc6-8819e42d3275', '80101', 'ASET TAK BERWUJUD', '801', 1);
INSERT INTO `ref_barang_kelompok` VALUES (134, '4f81e178-c68f-11ef-acc6-8819e42d3275', '80201', 'ASET TAK BERWUJUD DALAM PENGERJAAN', '802', 1);
INSERT INTO `ref_barang_kelompok` VALUES (135, '4f825752-c68f-11ef-acc6-8819e42d3275', '80301', 'ASET KEMITRAAN', '803', 1);
INSERT INTO `ref_barang_kelompok` VALUES (136, '4f82c884-c68f-11ef-acc6-8819e42d3275', '90101', 'Aset Konsesi Jasa Partisipasi Mitra', '901', 1);
INSERT INTO `ref_barang_kelompok` VALUES (137, '4f833ec3-c68f-11ef-acc6-8819e42d3275', '90102', 'Aset Konsesi Jasa Partisipasi Mitra Dalam Pengerjaan', '901', 1);

-- ----------------------------
-- Table structure for ref_barang_kelompok_sub
-- ----------------------------
DROP TABLE IF EXISTS `ref_barang_kelompok_sub`;
CREATE TABLE `ref_barang_kelompok_sub`  (
  `id` int(11) NOT NULL AUTO_INCREMENT,
  `uuid` varchar(36) CHARACTER SET latin1 COLLATE latin1_swedish_ci NULL DEFAULT NULL,
  `code` varchar(25) CHARACTER SET latin1 COLLATE latin1_swedish_ci NULL DEFAULT NULL,
  `name` varchar(255) CHARACTER SET latin1 COLLATE latin1_swedish_ci NULL DEFAULT NULL,
  `kelompok_code` varchar(25) CHARACTER SET latin1 COLLATE latin1_swedish_ci NULL DEFAULT NULL,
  `is_active` int(1) NULL DEFAULT NULL,
  PRIMARY KEY (`id`) USING BTREE,
  INDEX `kelompok_code`(`kelompok_code`) USING BTREE,
  INDEX `is_active`(`is_active`) USING BTREE
) ENGINE = InnoDB AUTO_INCREMENT = 869 CHARACTER SET = latin1 COLLATE = latin1_swedish_ci ROW_FORMAT = DYNAMIC;

-- ----------------------------
-- Table structure for ref_barang_kelompok_sub_sub
-- ----------------------------
DROP TABLE IF EXISTS `ref_barang_kelompok_sub_sub`;
CREATE TABLE `ref_barang_kelompok_sub_sub`  (
  `id` int(11) NOT NULL AUTO_INCREMENT,
  `uuid` varchar(36) CHARACTER SET latin1 COLLATE latin1_swedish_ci NULL DEFAULT NULL,
  `code` varchar(25) CHARACTER SET latin1 COLLATE latin1_swedish_ci NULL DEFAULT NULL,
  `name` varchar(255) CHARACTER SET latin1 COLLATE latin1_swedish_ci NULL DEFAULT NULL,
  `unit` varchar(255) CHARACTER SET latin1 COLLATE latin1_swedish_ci NULL DEFAULT NULL,
  `kelompok_sub_code` varchar(25) CHARACTER SET latin1 COLLATE latin1_swedish_ci NULL DEFAULT NULL,
  `is_active` int(1) NULL DEFAULT NULL,
  PRIMARY KEY (`id`) USING BTREE,
  INDEX `kelompok_sub_code`(`kelompok_sub_code`) USING BTREE,
  INDEX `is_active`(`is_active`) USING BTREE
) ENGINE = InnoDB AUTO_INCREMENT = 12978 CHARACTER SET = latin1 COLLATE = latin1_swedish_ci ROW_FORMAT = DYNAMIC;

-- ----------------------------
-- Table structure for ref_jenis_usaha
-- ----------------------------
DROP TABLE IF EXISTS `ref_jenis_usaha`;
CREATE TABLE `ref_jenis_usaha`  (
  `id` int(11) NOT NULL AUTO_INCREMENT,
  `uuid` varchar(36) CHARACTER SET latin1 COLLATE latin1_swedish_ci NULL DEFAULT NULL,
  `code` varchar(25) CHARACTER SET latin1 COLLATE latin1_swedish_ci NULL DEFAULT NULL,
  `name` varchar(255) CHARACTER SET latin1 COLLATE latin1_swedish_ci NULL DEFAULT NULL,
  `is_active` int(1) NULL DEFAULT NULL,
  PRIMARY KEY (`id`) USING BTREE,
  INDEX `is_active`(`is_active`) USING BTREE
) ENGINE = InnoDB AUTO_INCREMENT = 11 CHARACTER SET = latin1 COLLATE = latin1_swedish_ci ROW_FORMAT = DYNAMIC;

-- ----------------------------
-- Records of ref_jenis_usaha
-- ----------------------------
INSERT INTO `ref_jenis_usaha` VALUES (1, '4b68aed1-c72a-11ef-96bb-326a8040c20c', 'Koperasi', 'Koperasi', 1);
INSERT INTO `ref_jenis_usaha` VALUES (2, '4b6aaf31-c72a-11ef-96bb-326a8040c20c', 'Perjan', 'Perusahaan Jawatan', 1);
INSERT INTO `ref_jenis_usaha` VALUES (3, '4b6b2b7b-c72a-11ef-96bb-326a8040c20c', 'Perum', 'Perusahaan Umum', 1);
INSERT INTO `ref_jenis_usaha` VALUES (4, '4b6bfaeb-c72a-11ef-96bb-326a8040c20c', 'PD', 'Perusahaan Daerah', 1);
INSERT INTO `ref_jenis_usaha` VALUES (5, '4b6c9627-c72a-11ef-96bb-326a8040c20c', 'Fa', 'Firma', 1);
INSERT INTO `ref_jenis_usaha` VALUES (6, '4b6d046b-c72a-11ef-96bb-326a8040c20c', 'CV', 'Commanditaire Vennootschap', 1);
INSERT INTO `ref_jenis_usaha` VALUES (7, '4b6d8682-c72a-11ef-96bb-326a8040c20c', 'PT', 'Perusahaan Perseroan', 1);
INSERT INTO `ref_jenis_usaha` VALUES (8, '4b6e01c8-c72a-11ef-96bb-326a8040c20c', 'PO', 'Perusahaan Perseorangan', 1);
INSERT INTO `ref_jenis_usaha` VALUES (9, '4b6e7b9f-c72a-11ef-96bb-326a8040c20c', 'Yayasan', 'Yayasan', 1);
INSERT INTO `ref_jenis_usaha` VALUES (10, '4b6ee97b-c72a-11ef-96bb-326a8040c20c', 'Non Badan Usaha', 'Non Badan Usaha', 1);

-- ----------------------------
-- Table structure for ref_kfa_satusehat
-- ----------------------------
DROP TABLE IF EXISTS `ref_kfa_satusehat`;
CREATE TABLE `ref_kfa_satusehat`  (
  `id` int(11) NOT NULL AUTO_INCREMENT,
  `name` varchar(255) CHARACTER SET latin1 COLLATE latin1_swedish_ci NULL DEFAULT NULL,
  `kfa_code` varchar(10) CHARACTER SET latin1 COLLATE latin1_swedish_ci NULL DEFAULT NULL,
  `active` varchar(10) CHARACTER SET latin1 COLLATE latin1_swedish_ci NULL DEFAULT NULL,
  `image` varchar(255) CHARACTER SET latin1 COLLATE latin1_swedish_ci NULL DEFAULT NULL,
  `updated_at` datetime NULL DEFAULT NULL,
  `farmalkes_type_code` varchar(10) CHARACTER SET latin1 COLLATE latin1_swedish_ci NULL DEFAULT NULL,
  `farmalkes_type_name` varchar(25) CHARACTER SET latin1 COLLATE latin1_swedish_ci NULL DEFAULT NULL,
  `farmalkes_type_group` varchar(10) CHARACTER SET latin1 COLLATE latin1_swedish_ci NULL DEFAULT NULL,
  `dosage_form_code` varchar(10) CHARACTER SET latin1 COLLATE latin1_swedish_ci NULL DEFAULT NULL,
  `dosage_form_name` varchar(25) CHARACTER SET latin1 COLLATE latin1_swedish_ci NULL DEFAULT NULL,
  `produksi_buatan` varchar(25) CHARACTER SET latin1 COLLATE latin1_swedish_ci NULL DEFAULT NULL,
  `nie` varchar(50) CHARACTER SET latin1 COLLATE latin1_swedish_ci NULL DEFAULT NULL,
  `nama_dagang` varchar(255) CHARACTER SET latin1 COLLATE latin1_swedish_ci NULL DEFAULT NULL,
  `manufacturer` varchar(255) CHARACTER SET latin1 COLLATE latin1_swedish_ci NULL DEFAULT NULL,
  `registrar` varchar(255) CHARACTER SET latin1 COLLATE latin1_swedish_ci NULL DEFAULT NULL,
  `generik` varchar(10) CHARACTER SET latin1 COLLATE latin1_swedish_ci NULL DEFAULT NULL,
  `rxterm` varchar(10) CHARACTER SET latin1 COLLATE latin1_swedish_ci NULL DEFAULT NULL,
  `dose_per_unit` varchar(10) CHARACTER SET latin1 COLLATE latin1_swedish_ci NULL DEFAULT NULL,
  `fix_price` varchar(10) CHARACTER SET latin1 COLLATE latin1_swedish_ci NULL DEFAULT NULL,
  `het_price` varchar(10) CHARACTER SET latin1 COLLATE latin1_swedish_ci NULL DEFAULT NULL,
  `farmalkes_hscode` varchar(10) CHARACTER SET latin1 COLLATE latin1_swedish_ci NULL DEFAULT NULL,
  `tayang_lkpp` varchar(10) CHARACTER SET latin1 COLLATE latin1_swedish_ci NULL DEFAULT NULL,
  `kode_lkpp` varchar(50) CHARACTER SET latin1 COLLATE latin1_swedish_ci NULL DEFAULT NULL,
  `net_weight` varchar(10) CHARACTER SET latin1 COLLATE latin1_swedish_ci NULL DEFAULT NULL,
  `net_weight_uom_name` varchar(10) CHARACTER SET latin1 COLLATE latin1_swedish_ci NULL DEFAULT NULL,
  `volume` varchar(10) CHARACTER SET latin1 COLLATE latin1_swedish_ci NULL DEFAULT NULL,
  `volume_uom_name` varchar(10) CHARACTER SET latin1 COLLATE latin1_swedish_ci NULL DEFAULT NULL,
  `med_dev_jenis` varchar(255) CHARACTER SET latin1 COLLATE latin1_swedish_ci NULL DEFAULT NULL,
  `med_dev_subkategori` varchar(255) CHARACTER SET latin1 COLLATE latin1_swedish_ci NULL DEFAULT NULL,
  `med_dev_kategori` varchar(255) CHARACTER SET latin1 COLLATE latin1_swedish_ci NULL DEFAULT NULL,
  `med_dev_kelas_risiko` varchar(255) CHARACTER SET latin1 COLLATE latin1_swedish_ci NULL DEFAULT NULL,
  `klasifikasi_izin` varchar(255) CHARACTER SET latin1 COLLATE latin1_swedish_ci NULL DEFAULT NULL,
  `uom_name` varchar(255) CHARACTER SET latin1 COLLATE latin1_swedish_ci NULL DEFAULT NULL,
  `product_template_name` varchar(255) CHARACTER SET latin1 COLLATE latin1_swedish_ci NULL DEFAULT NULL,
  `product_template_state` varchar(10) CHARACTER SET latin1 COLLATE latin1_swedish_ci NULL DEFAULT NULL,
  `product_template_active` varchar(10) CHARACTER SET latin1 COLLATE latin1_swedish_ci NULL DEFAULT NULL,
  `product_template_kfa_code` varchar(10) CHARACTER SET latin1 COLLATE latin1_swedish_ci NULL DEFAULT NULL,
  `product_template_updated_at` datetime NULL DEFAULT NULL,
  `product_template_display_name` varchar(255) CHARACTER SET latin1 COLLATE latin1_swedish_ci NULL DEFAULT NULL,
  `active_ingredients` longtext CHARACTER SET latin1 COLLATE latin1_swedish_ci NULL,
  `tags` varchar(255) CHARACTER SET latin1 COLLATE latin1_swedish_ci NULL DEFAULT NULL,
  `replacement_product_name` varchar(255) CHARACTER SET latin1 COLLATE latin1_swedish_ci NULL DEFAULT NULL,
  `replacement_product_reason` varchar(25) CHARACTER SET latin1 COLLATE latin1_swedish_ci NULL DEFAULT NULL,
  `replacement_product_kfa_code` varchar(10) CHARACTER SET latin1 COLLATE latin1_swedish_ci NULL DEFAULT NULL,
  `replacement_template_name` varchar(255) CHARACTER SET latin1 COLLATE latin1_swedish_ci NULL DEFAULT NULL,
  `replacement_template_reason` varchar(25) CHARACTER SET latin1 COLLATE latin1_swedish_ci NULL DEFAULT NULL,
  `replacement_template_kfa_code` varchar(10) CHARACTER SET latin1 COLLATE latin1_swedish_ci NULL DEFAULT NULL,
  `product_detail` longtext CHARACTER SET utf8mb4 COLLATE utf8mb4_bin NULL,
  `sync_date` datetime NULL DEFAULT NULL,
  `created_date` datetime NULL DEFAULT NULL,
  `updated_date` datetime NULL DEFAULT NULL,
  PRIMARY KEY (`id`) USING BTREE,
  INDEX `kfa_code`(`kfa_code`) USING BTREE,
  INDEX `active`(`active`) USING BTREE,
  INDEX `farmalkes_type_group`(`farmalkes_type_group`) USING BTREE,
  INDEX `product_template_kfa_code`(`product_template_kfa_code`) USING BTREE
) ENGINE = InnoDB AUTO_INCREMENT = 21261 CHARACTER SET = latin1 COLLATE = latin1_swedish_ci ROW_FORMAT = DYNAMIC;

-- ----------------------------
-- Records of ref_kfa_satusehat
-- ----------------------------

-- ----------------------------
-- Table structure for ref_kontrak_bentuk
-- ----------------------------
DROP TABLE IF EXISTS `ref_kontrak_bentuk`;
CREATE TABLE `ref_kontrak_bentuk`  (
  `id` int(11) NOT NULL AUTO_INCREMENT,
  `uuid` varchar(36) CHARACTER SET latin1 COLLATE latin1_swedish_ci NULL DEFAULT NULL,
  `name` varchar(255) CHARACTER SET latin1 COLLATE latin1_swedish_ci NULL DEFAULT NULL,
  `is_active` int(1) NULL DEFAULT NULL,
  PRIMARY KEY (`id`) USING BTREE,
  INDEX `is_active`(`is_active`) USING BTREE
) ENGINE = InnoDB AUTO_INCREMENT = 6 CHARACTER SET = latin1 COLLATE = latin1_swedish_ci ROW_FORMAT = DYNAMIC;

-- ----------------------------
-- Records of ref_kontrak_bentuk
-- ----------------------------
INSERT INTO `ref_kontrak_bentuk` VALUES (1, '055041bf-c72e-11ef-96bb-326a8040c20c', 'Bukti Pembelian/Pembayaran', 1);
INSERT INTO `ref_kontrak_bentuk` VALUES (2, '055264ca-c72e-11ef-96bb-326a8040c20c', 'Kuitansi', 1);
INSERT INTO `ref_kontrak_bentuk` VALUES (3, '0553123c-c72e-11ef-96bb-326a8040c20c', 'Surat Perintah Kerja', 1);
INSERT INTO `ref_kontrak_bentuk` VALUES (4, '0553c274-c72e-11ef-96bb-326a8040c20c', 'Surat Perjanjian', 1);
INSERT INTO `ref_kontrak_bentuk` VALUES (5, '05548f36-c72e-11ef-96bb-326a8040c20c', 'Surat Pesanan', 1);

-- ----------------------------
-- Table structure for ref_kontrak_jaminan
-- ----------------------------
DROP TABLE IF EXISTS `ref_kontrak_jaminan`;
CREATE TABLE `ref_kontrak_jaminan`  (
  `id` int(11) NOT NULL AUTO_INCREMENT,
  `uuid` varchar(36) CHARACTER SET latin1 COLLATE latin1_swedish_ci NULL DEFAULT NULL,
  `name` varchar(255) CHARACTER SET latin1 COLLATE latin1_swedish_ci NULL DEFAULT NULL,
  `is_active` int(1) NULL DEFAULT NULL,
  PRIMARY KEY (`id`) USING BTREE,
  INDEX `is_active`(`is_active`) USING BTREE
) ENGINE = InnoDB AUTO_INCREMENT = 6 CHARACTER SET = latin1 COLLATE = latin1_swedish_ci ROW_FORMAT = DYNAMIC;

-- ----------------------------
-- Records of ref_kontrak_jaminan
-- ----------------------------
INSERT INTO `ref_kontrak_jaminan` VALUES (1, '46abd312-c72f-11ef-96bb-326a8040c20c', 'Jaminan Penawaran', 1);
INSERT INTO `ref_kontrak_jaminan` VALUES (2, '46ae05c8-c72f-11ef-96bb-326a8040c20c', 'Jaminan Sanggah Banding', 1);
INSERT INTO `ref_kontrak_jaminan` VALUES (3, '46ae9401-c72f-11ef-96bb-326a8040c20c', 'Jaminan Pelaksanaan', 1);
INSERT INTO `ref_kontrak_jaminan` VALUES (4, '46af62b1-c72f-11ef-96bb-326a8040c20c', 'Jaminan Uang Muka', 1);
INSERT INTO `ref_kontrak_jaminan` VALUES (5, '46b045e3-c72f-11ef-96bb-326a8040c20c', 'Jaminan Pembliharaan', 1);

-- ----------------------------
-- Table structure for ref_kontrak_jenis
-- ----------------------------
DROP TABLE IF EXISTS `ref_kontrak_jenis`;
CREATE TABLE `ref_kontrak_jenis`  (
  `id` int(11) NOT NULL AUTO_INCREMENT,
  `uuid` varchar(36) CHARACTER SET latin1 COLLATE latin1_swedish_ci NULL DEFAULT NULL,
  `name` varchar(255) CHARACTER SET latin1 COLLATE latin1_swedish_ci NULL DEFAULT NULL,
  `is_active` int(1) NULL DEFAULT NULL,
  PRIMARY KEY (`id`) USING BTREE,
  INDEX `is_active`(`is_active`) USING BTREE
) ENGINE = InnoDB AUTO_INCREMENT = 8 CHARACTER SET = latin1 COLLATE = latin1_swedish_ci ROW_FORMAT = DYNAMIC;

-- ----------------------------
-- Records of ref_kontrak_jenis
-- ----------------------------
INSERT INTO `ref_kontrak_jenis` VALUES (1, 'bb35b01f-c72d-11ef-96bb-326a8040c20c', 'Lumsum', 1);
INSERT INTO `ref_kontrak_jenis` VALUES (2, 'bb37afe5-c72d-11ef-96bb-326a8040c20c', 'Harga Satuan', 1);
INSERT INTO `ref_kontrak_jenis` VALUES (3, 'bb383372-c72d-11ef-96bb-326a8040c20c', 'Gabungan Lumsum dan Harga Satuan', 1);
INSERT INTO `ref_kontrak_jenis` VALUES (4, 'bb38fdc6-c72d-11ef-96bb-326a8040c20c', 'Kontrak Payung', 1);
INSERT INTO `ref_kontrak_jenis` VALUES (5, 'bb39bc36-c72d-11ef-96bb-326a8040c20c', 'Biaya Plus Imbalan', 1);
INSERT INTO `ref_kontrak_jenis` VALUES (6, 'bb3a32f0-c72d-11ef-96bb-326a8040c20c', 'Putar Kunci', 1);
INSERT INTO `ref_kontrak_jenis` VALUES (7, 'bb3ac35f-c72d-11ef-96bb-326a8040c20c', 'Waktu Penugasan', 1);

-- ----------------------------
-- Table structure for ref_kontrak_metode
-- ----------------------------
DROP TABLE IF EXISTS `ref_kontrak_metode`;
CREATE TABLE `ref_kontrak_metode`  (
  `id` int(11) NOT NULL AUTO_INCREMENT,
  `uuid` varchar(36) CHARACTER SET latin1 COLLATE latin1_swedish_ci NULL DEFAULT NULL,
  `name` varchar(255) CHARACTER SET latin1 COLLATE latin1_swedish_ci NULL DEFAULT NULL,
  `is_active` int(1) NULL DEFAULT NULL,
  PRIMARY KEY (`id`) USING BTREE,
  INDEX `is_active`(`is_active`) USING BTREE
) ENGINE = InnoDB AUTO_INCREMENT = 7 CHARACTER SET = latin1 COLLATE = latin1_swedish_ci ROW_FORMAT = DYNAMIC;

-- ----------------------------
-- Records of ref_kontrak_metode
-- ----------------------------
INSERT INTO `ref_kontrak_metode` VALUES (1, '6886d744-c72e-11ef-96bb-326a8040c20c', 'E-purchasing', 1);
INSERT INTO `ref_kontrak_metode` VALUES (2, '6888f31e-c72e-11ef-96bb-326a8040c20c', 'Pengadaan Langsung', 1);
INSERT INTO `ref_kontrak_metode` VALUES (3, '68896a1a-c72e-11ef-96bb-326a8040c20c', 'Penunjukan Langsung', 1);
INSERT INTO `ref_kontrak_metode` VALUES (4, '688a2037-c72e-11ef-96bb-326a8040c20c', 'Tender Cepat', 1);
INSERT INTO `ref_kontrak_metode` VALUES (5, '688ad872-c72e-11ef-96bb-326a8040c20c', 'Tender', 1);
INSERT INTO `ref_kontrak_metode` VALUES (6, '8b6dc0bf-c72e-11ef-96bb-326a8040c20c', 'Seleksi', 1);

-- ----------------------------
-- Table structure for ref_kontrak_pelaksanaan
-- ----------------------------
DROP TABLE IF EXISTS `ref_kontrak_pelaksanaan`;
CREATE TABLE `ref_kontrak_pelaksanaan`  (
  `id` int(11) NOT NULL AUTO_INCREMENT,
  `uuid` varchar(36) CHARACTER SET latin1 COLLATE latin1_swedish_ci NULL DEFAULT NULL,
  `name` varchar(255) CHARACTER SET latin1 COLLATE latin1_swedish_ci NULL DEFAULT NULL,
  `is_active` int(1) NULL DEFAULT NULL,
  PRIMARY KEY (`id`) USING BTREE,
  INDEX `is_active`(`is_active`) USING BTREE
) ENGINE = InnoDB AUTO_INCREMENT = 3 CHARACTER SET = latin1 COLLATE = latin1_swedish_ci ROW_FORMAT = DYNAMIC;

-- ----------------------------
-- Records of ref_kontrak_pelaksanaan
-- ----------------------------
INSERT INTO `ref_kontrak_pelaksanaan` VALUES (1, 'a46cb185-c72c-11ef-96bb-326a8040c20c', 'Swakelola', 1);
INSERT INTO `ref_kontrak_pelaksanaan` VALUES (2, 'a46d4f76-c72c-11ef-96bb-326a8040c20c', 'Penyedia', 1);

-- ----------------------------
-- Table structure for ref_rencana_kinerja
-- ----------------------------
DROP TABLE IF EXISTS `ref_rencana_kinerja`;
CREATE TABLE `ref_rencana_kinerja`  (
  `id` int(11) NOT NULL AUTO_INCREMENT,
  `uuid` varchar(36) CHARACTER SET latin1 COLLATE latin1_swedish_ci NULL DEFAULT NULL,
  `code` varchar(25) CHARACTER SET latin1 COLLATE latin1_swedish_ci NULL DEFAULT NULL,
  `name` varchar(255) CHARACTER SET latin1 COLLATE latin1_swedish_ci NULL DEFAULT NULL,
  `rencana_kinerja_kelompok_id` int(11) NULL DEFAULT NULL,
  `is_active` int(1) NULL DEFAULT NULL,
  PRIMARY KEY (`id`) USING BTREE,
  INDEX `rencana_kinerja_kelompok_id`(`rencana_kinerja_kelompok_id`) USING BTREE,
  INDEX `is_active`(`is_active`) USING BTREE
) ENGINE = InnoDB AUTO_INCREMENT = 4949 CHARACTER SET = latin1 COLLATE = latin1_swedish_ci ROW_FORMAT = DYNAMIC;

-- ----------------------------
-- Records of ref_rencana_kinerja
-- ----------------------------

-- ----------------------------
-- Table structure for ref_rencana_kinerja_kelompok
-- ----------------------------
DROP TABLE IF EXISTS `ref_rencana_kinerja_kelompok`;
CREATE TABLE `ref_rencana_kinerja_kelompok`  (
  `id` int(11) NOT NULL AUTO_INCREMENT,
  `uuid` varchar(36) CHARACTER SET latin1 COLLATE latin1_swedish_ci NULL DEFAULT NULL,
  `name` varchar(255) CHARACTER SET latin1 COLLATE latin1_swedish_ci NULL DEFAULT NULL,
  `is_active` int(1) NULL DEFAULT NULL,
  PRIMARY KEY (`id`) USING BTREE,
  INDEX `is_active`(`is_active`) USING BTREE
) ENGINE = InnoDB AUTO_INCREMENT = 8 CHARACTER SET = latin1 COLLATE = latin1_swedish_ci ROW_FORMAT = DYNAMIC;

-- ----------------------------
-- Records of ref_rencana_kinerja_kelompok
-- ----------------------------
INSERT INTO `ref_rencana_kinerja_kelompok` VALUES (1, '362ffd84-59b5-47a3-9a0e-be14181a3d9d', 'Kementerian/Lembaga', 1);
INSERT INTO `ref_rencana_kinerja_kelompok` VALUES (2, '59800b20-217b-456c-a27b-2af5afca40b3', 'Direktorat Jenderal', 1);
INSERT INTO `ref_rencana_kinerja_kelompok` VALUES (3, 'fa15d7e9-62be-4646-894c-f179a7fec6f7', 'Program', 1);
INSERT INTO `ref_rencana_kinerja_kelompok` VALUES (4, '660333af-f5d0-40aa-8b52-19588ac60963', 'Kegiatan', 1);
INSERT INTO `ref_rencana_kinerja_kelompok` VALUES (5, '942de74e-d84f-4033-8c9d-8f3334674aaa', 'Kegiatan Rencana Output', 1);
INSERT INTO `ref_rencana_kinerja_kelompok` VALUES (6, '316b56a9-cf26-4954-800d-55ea2241e5ca', 'Rencana Output', 1);
INSERT INTO `ref_rencana_kinerja_kelompok` VALUES (7, '3a8b5ca7-1a1f-40be-8607-fbc72a285ce6', 'Komponen', 1);

-- ----------------------------
-- Table structure for ref_satuan_kerja
-- ----------------------------
DROP TABLE IF EXISTS `ref_satuan_kerja`;
CREATE TABLE `ref_satuan_kerja`  (
  `id` int(11) NOT NULL AUTO_INCREMENT,
  `uuid` varchar(36) CHARACTER SET latin1 COLLATE latin1_swedish_ci NULL DEFAULT NULL,
  `code` varchar(6) CHARACTER SET latin1 COLLATE latin1_swedish_ci NULL DEFAULT NULL,
  `name` varchar(255) CHARACTER SET latin1 COLLATE latin1_swedish_ci NULL DEFAULT NULL,
  `is_active` int(1) NULL DEFAULT NULL,
  PRIMARY KEY (`id`) USING BTREE,
  INDEX `is_active`(`is_active`) USING BTREE
) ENGINE = InnoDB AUTO_INCREMENT = 3732 CHARACTER SET = latin1 COLLATE = latin1_swedish_ci ROW_FORMAT = DYNAMIC;

-- ----------------------------
-- Table structure for ref_tahun_anggaran
-- ----------------------------
DROP TABLE IF EXISTS `ref_tahun_anggaran`;
CREATE TABLE `ref_tahun_anggaran`  (
  `id` int(11) NOT NULL AUTO_INCREMENT,
  `uuid` varchar(36) CHARACTER SET latin1 COLLATE latin1_swedish_ci NULL DEFAULT NULL,
  `name` year NULL DEFAULT NULL,
  `is_active` int(1) NULL DEFAULT NULL,
  PRIMARY KEY (`id`) USING BTREE,
  INDEX `is_active`(`is_active`) USING BTREE
) ENGINE = InnoDB AUTO_INCREMENT = 2 CHARACTER SET = latin1 COLLATE = latin1_swedish_ci ROW_FORMAT = DYNAMIC;

-- ----------------------------
-- Records of ref_tahun_anggaran
-- ----------------------------
INSERT INTO `ref_tahun_anggaran` VALUES (1, 'c762d7b0-92bc-409c-aaf9-cf2caa6444f4', 2025, 1);

-- ----------------------------
-- Table structure for reset_password
-- ----------------------------
DROP TABLE IF EXISTS `reset_password`;
CREATE TABLE `reset_password`  (
  `key` longtext CHARACTER SET utf8 COLLATE utf8_general_ci NOT NULL,
  `username` varchar(100) CHARACTER SET utf8 COLLATE utf8_general_ci NOT NULL,
  `login_credential_id` varchar(100) CHARACTER SET utf8 COLLATE utf8_general_ci NOT NULL,
  `created_at` datetime NOT NULL DEFAULT CURRENT_TIMESTAMP
) ENGINE = InnoDB CHARACTER SET = utf8 COLLATE = utf8_general_ci ROW_FORMAT = DYNAMIC;

-- ----------------------------
-- Records of reset_password
-- ----------------------------

-- ----------------------------
-- Table structure for roles
-- ----------------------------
DROP TABLE IF EXISTS `roles`;
CREATE TABLE `roles`  (
  `id` int(11) NOT NULL AUTO_INCREMENT,
  `name` varchar(50) CHARACTER SET utf8 COLLATE utf8_general_ci NOT NULL,
  `prefix` varchar(50) CHARACTER SET utf8 COLLATE utf8_general_ci NULL DEFAULT NULL,
  `is_system` varchar(10) CHARACTER SET utf8 COLLATE utf8_general_ci NOT NULL,
  PRIMARY KEY (`id`) USING BTREE
) ENGINE = InnoDB AUTO_INCREMENT = 3 CHARACTER SET = utf8 COLLATE = utf8_general_ci ROW_FORMAT = DYNAMIC;

-- ----------------------------
-- Records of roles
-- ----------------------------
INSERT INTO `roles` VALUES (1, 'Super Admin', 'superadmin', '1');
INSERT INTO `roles` VALUES (2, 'Admin', 'admin', '1');

-- ----------------------------
-- Table structure for staff
-- ----------------------------
DROP TABLE IF EXISTS `staff`;
CREATE TABLE `staff`  (
  `id` int(11) NOT NULL AUTO_INCREMENT,
  `staff_id` varchar(10) CHARACTER SET utf8 COLLATE utf8_general_ci NOT NULL,
  `name` varchar(255) CHARACTER SET utf8 COLLATE utf8_general_ci NOT NULL,
  `department` int(11) NOT NULL,
  `qualification` varchar(200) CHARACTER SET utf8 COLLATE utf8_general_ci NOT NULL,
  `designation` int(11) NOT NULL,
  `joining_date` date NOT NULL,
  `birthday` date NOT NULL,
  `gender` varchar(12) CHARACTER SET utf8 COLLATE utf8_general_ci NOT NULL,
  `religion` varchar(200) CHARACTER SET utf8 COLLATE utf8_general_ci NOT NULL,
  `blood_group` varchar(11) CHARACTER SET utf8 COLLATE utf8_general_ci NOT NULL,
  `marital_status` varchar(10) CHARACTER SET utf8 COLLATE utf8_general_ci NOT NULL,
  `address` mediumtext CHARACTER SET utf8 COLLATE utf8_general_ci NOT NULL,
  `state` varchar(255) CHARACTER SET utf8 COLLATE utf8_general_ci NOT NULL,
  `city` varchar(200) CHARACTER SET utf8 COLLATE utf8_general_ci NOT NULL,
  `mobileno` varchar(30) CHARACTER SET utf8 COLLATE utf8_general_ci NOT NULL,
  `email` varchar(255) CHARACTER SET utf8 COLLATE utf8_general_ci NOT NULL,
  `salary_template_id` int(11) NULL DEFAULT 0,
  `photo` varchar(255) CHARACTER SET utf8 COLLATE utf8_general_ci NULL DEFAULT NULL,
  `nid` varchar(200) CHARACTER SET utf8 COLLATE utf8_general_ci NOT NULL,
  `facebook_url` varchar(255) CHARACTER SET utf8 COLLATE utf8_general_ci NOT NULL,
  `linkedin_url` varchar(255) CHARACTER SET utf8 COLLATE utf8_general_ci NOT NULL,
  `twitter_url` varchar(255) CHARACTER SET utf8 COLLATE utf8_general_ci NOT NULL,
  `created_at` datetime NOT NULL DEFAULT CURRENT_TIMESTAMP,
  `updated_at` datetime NULL DEFAULT CURRENT_TIMESTAMP ON UPDATE CURRENT_TIMESTAMP,
  PRIMARY KEY (`id`) USING BTREE
) ENGINE = InnoDB AUTO_INCREMENT = 2 CHARACTER SET = utf8 COLLATE = utf8_general_ci ROW_FORMAT = DYNAMIC;

-- ----------------------------
-- Records of staff
-- ----------------------------
INSERT INTO `staff` VALUES (1, '3679442', 'Super Administrator', 0, '', 0, '2025-01-03', '1945-08-17', '', '', '', '', '', '', '', '', 'superadmin@mail.com', 0, NULL, '', '', '', '', '2025-01-03 02:48:02', '2025-01-03 02:48:02');

-- ----------------------------
-- Table structure for staff_attendance
-- ----------------------------
DROP TABLE IF EXISTS `staff_attendance`;
CREATE TABLE `staff_attendance`  (
  `id` int(11) NOT NULL AUTO_INCREMENT,
  `staff_id` varchar(20) CHARACTER SET utf8 COLLATE utf8_general_ci NOT NULL,
  `status` varchar(2) CHARACTER SET utf8 COLLATE utf8_general_ci NULL DEFAULT NULL,
  `remark` varchar(255) CHARACTER SET utf8 COLLATE utf8_general_ci NOT NULL,
  `date` date NOT NULL,
  PRIMARY KEY (`id`) USING BTREE
) ENGINE = InnoDB AUTO_INCREMENT = 1 CHARACTER SET = utf8 COLLATE = utf8_general_ci ROW_FORMAT = DYNAMIC;

-- ----------------------------
-- Records of staff_attendance
-- ----------------------------

-- ----------------------------
-- Table structure for staff_balance
-- ----------------------------
DROP TABLE IF EXISTS `staff_balance`;
CREATE TABLE `staff_balance`  (
  `id` int(11) NOT NULL AUTO_INCREMENT,
  `staff_id` int(11) NOT NULL,
  `amount` decimal(18, 2) NOT NULL DEFAULT 0.00,
  `created_at` datetime NOT NULL DEFAULT CURRENT_TIMESTAMP,
  `updated_at` datetime NOT NULL DEFAULT CURRENT_TIMESTAMP ON UPDATE CURRENT_TIMESTAMP,
  PRIMARY KEY (`id`) USING BTREE
) ENGINE = InnoDB AUTO_INCREMENT = 1 CHARACTER SET = utf8 COLLATE = utf8_general_ci ROW_FORMAT = DYNAMIC;

-- ----------------------------
-- Records of staff_balance
-- ----------------------------

-- ----------------------------
-- Table structure for staff_bank_account
-- ----------------------------
DROP TABLE IF EXISTS `staff_bank_account`;
CREATE TABLE `staff_bank_account`  (
  `id` int(11) NOT NULL AUTO_INCREMENT,
  `staff_id` int(11) NOT NULL,
  `bank_name` varchar(200) CHARACTER SET utf8 COLLATE utf8_general_ci NOT NULL,
  `holder_name` varchar(255) CHARACTER SET utf8 COLLATE utf8_general_ci NOT NULL,
  `bank_branch` varchar(255) CHARACTER SET utf8 COLLATE utf8_general_ci NOT NULL,
  `bank_address` varchar(255) CHARACTER SET utf8 COLLATE utf8_general_ci NOT NULL,
  `ifsc_code` varchar(200) CHARACTER SET utf8 COLLATE utf8_general_ci NOT NULL,
  `account_no` varchar(200) CHARACTER SET utf8 COLLATE utf8_general_ci NOT NULL,
  `created_at` datetime NOT NULL DEFAULT CURRENT_TIMESTAMP,
  `updated_at` datetime NOT NULL DEFAULT CURRENT_TIMESTAMP ON UPDATE CURRENT_TIMESTAMP,
  PRIMARY KEY (`id`) USING BTREE
) ENGINE = InnoDB AUTO_INCREMENT = 1 CHARACTER SET = utf8 COLLATE = utf8_general_ci ROW_FORMAT = DYNAMIC;

-- ----------------------------
-- Records of staff_bank_account
-- ----------------------------

-- ----------------------------
-- Table structure for staff_department
-- ----------------------------
DROP TABLE IF EXISTS `staff_department`;
CREATE TABLE `staff_department`  (
  `id` int(11) NOT NULL AUTO_INCREMENT,
  `name` varchar(255) CHARACTER SET utf8 COLLATE utf8_general_ci NOT NULL,
  `created_at` datetime NOT NULL DEFAULT CURRENT_TIMESTAMP,
  `updated_at` datetime NOT NULL DEFAULT CURRENT_TIMESTAMP ON UPDATE CURRENT_TIMESTAMP,
  PRIMARY KEY (`id`) USING BTREE
) ENGINE = InnoDB AUTO_INCREMENT = 1 CHARACTER SET = utf8 COLLATE = utf8_general_ci ROW_FORMAT = DYNAMIC;

-- ----------------------------
-- Records of staff_department
-- ----------------------------

-- ----------------------------
-- Table structure for staff_designation
-- ----------------------------
DROP TABLE IF EXISTS `staff_designation`;
CREATE TABLE `staff_designation`  (
  `id` int(11) NOT NULL AUTO_INCREMENT,
  `name` varchar(255) CHARACTER SET utf8 COLLATE utf8_general_ci NOT NULL,
  `created_at` datetime NOT NULL DEFAULT CURRENT_TIMESTAMP,
  `updated_at` datetime NOT NULL DEFAULT CURRENT_TIMESTAMP ON UPDATE CURRENT_TIMESTAMP,
  PRIMARY KEY (`id`) USING BTREE
) ENGINE = InnoDB AUTO_INCREMENT = 1 CHARACTER SET = utf8 COLLATE = utf8_general_ci ROW_FORMAT = DYNAMIC;

-- ----------------------------
-- Records of staff_designation
-- ----------------------------

-- ----------------------------
-- Table structure for staff_documents
-- ----------------------------
DROP TABLE IF EXISTS `staff_documents`;
CREATE TABLE `staff_documents`  (
  `id` int(11) NOT NULL AUTO_INCREMENT,
  `staff_id` int(11) NOT NULL,
  `title` varchar(255) CHARACTER SET utf8 COLLATE utf8_general_ci NOT NULL,
  `category_id` varchar(20) CHARACTER SET utf8 COLLATE utf8_general_ci NOT NULL,
  `remarks` text CHARACTER SET utf8 COLLATE utf8_general_ci NOT NULL,
  `file_name` varchar(255) CHARACTER SET utf8 COLLATE utf8_general_ci NOT NULL,
  `enc_name` varchar(255) CHARACTER SET utf8 COLLATE utf8_general_ci NOT NULL,
  `created_at` datetime NOT NULL DEFAULT CURRENT_TIMESTAMP,
  `updated_at` datetime NOT NULL DEFAULT CURRENT_TIMESTAMP ON UPDATE CURRENT_TIMESTAMP,
  PRIMARY KEY (`id`) USING BTREE
) ENGINE = InnoDB AUTO_INCREMENT = 1 CHARACTER SET = utf8 COLLATE = utf8_general_ci ROW_FORMAT = DYNAMIC;

-- ----------------------------
-- Records of staff_documents
-- ----------------------------

-- ----------------------------
-- Table structure for staff_privileges
-- ----------------------------
DROP TABLE IF EXISTS `staff_privileges`;
CREATE TABLE `staff_privileges`  (
  `id` int(11) NOT NULL AUTO_INCREMENT,
  `role_id` int(11) NOT NULL,
  `permission_id` int(11) NOT NULL,
  `is_add` tinyint(1) NOT NULL,
  `is_edit` tinyint(1) NOT NULL,
  `is_view` tinyint(1) NOT NULL,
  `is_delete` tinyint(1) NOT NULL,
  PRIMARY KEY (`id`) USING BTREE
) ENGINE = InnoDB AUTO_INCREMENT = 1 CHARACTER SET = utf8 COLLATE = utf8_general_ci ROW_FORMAT = DYNAMIC;

-- ----------------------------
-- Records of staff_privileges
-- ----------------------------

-- ----------------------------
-- Table structure for theme_settings
-- ----------------------------
DROP TABLE IF EXISTS `theme_settings`;
CREATE TABLE `theme_settings`  (
  `id` int(11) NOT NULL AUTO_INCREMENT,
  `border_mode` varchar(20) CHARACTER SET utf8 COLLATE utf8_general_ci NOT NULL,
  `dark_skin` varchar(20) CHARACTER SET utf8 COLLATE utf8_general_ci NOT NULL,
  `created_at` datetime NOT NULL DEFAULT CURRENT_TIMESTAMP,
  `updated_at` datetime NOT NULL DEFAULT CURRENT_TIMESTAMP ON UPDATE CURRENT_TIMESTAMP,
  PRIMARY KEY (`id`) USING BTREE
) ENGINE = InnoDB AUTO_INCREMENT = 2 CHARACTER SET = utf8 COLLATE = utf8_general_ci ROW_FORMAT = DYNAMIC;

-- ----------------------------
-- Records of theme_settings
-- ----------------------------
INSERT INTO `theme_settings` VALUES (1, 'true', 'false', '2019-12-23 22:59:38', '2025-01-03 14:42:27');

-- ----------------------------
-- Table structure for transactions
-- ----------------------------
DROP TABLE IF EXISTS `transactions`;
CREATE TABLE `transactions`  (
  `id` int(11) NOT NULL AUTO_INCREMENT,
  `account_id` varchar(20) CHARACTER SET utf8 COLLATE utf8_general_ci NOT NULL,
  `voucher_head_id` varchar(200) CHARACTER SET utf8 COLLATE utf8_general_ci NOT NULL,
  `type` varchar(100) CHARACTER SET utf8 COLLATE utf8_general_ci NOT NULL,
  `category` varchar(20) CHARACTER SET utf8 COLLATE utf8_general_ci NOT NULL,
  `ref` varchar(255) CHARACTER SET utf8 COLLATE utf8_general_ci NOT NULL,
  `amount` decimal(18, 2) NOT NULL DEFAULT 0.00,
  `dr` decimal(18, 2) NOT NULL DEFAULT 0.00,
  `cr` decimal(18, 2) NOT NULL DEFAULT 0.00,
  `bal` decimal(18, 2) NOT NULL DEFAULT 0.00,
  `date` date NOT NULL,
  `pay_via` varchar(20) CHARACTER SET utf8 COLLATE utf8_general_ci NOT NULL,
  `description` text CHARACTER SET utf8 COLLATE utf8_general_ci NOT NULL,
  `attachments` varchar(255) CHARACTER SET utf8 COLLATE utf8_general_ci NOT NULL,
  `created_at` datetime NOT NULL DEFAULT CURRENT_TIMESTAMP,
  `updated_at` datetime NOT NULL DEFAULT CURRENT_TIMESTAMP ON UPDATE CURRENT_TIMESTAMP,
  PRIMARY KEY (`id`) USING BTREE
) ENGINE = InnoDB AUTO_INCREMENT = 1 CHARACTER SET = utf8 COLLATE = utf8_general_ci ROW_FORMAT = DYNAMIC;

-- ----------------------------
-- Records of transactions
-- ----------------------------

SET FOREIGN_KEY_CHECKS = 1;
